timestamp,symbol,open,high,low,close,volume,trade_count,vwap,Short_MA,Long_MA,MACD,Signal_Line,Signal
2025-07-03 08:18:00+00:00,NVDL,69.63,69.63,69.6,69.6,2976.0,39.0,69.607526,69.6,69.6,0.0,0.0,0
2025-07-03 08:19:00+00:00,NVDL,69.57,69.6,69.56,69.6,729.0,33.0,69.576921,69.6,69.6,0.0,0.0,0
2025-07-03 08:20:00+00:00,NVDL,69.64,69.64,69.49,69.5,8182.0,98.0,69.544153,69.58461538461538,69.5925925925926,-0.007977207977219791,-0.0015954415954439584,0
2025-07-03 08:21:00+00:00,NVDL,69.58,69.58,69.58,69.58,529.0,11.0,69.58,69.58390532544378,69.5916598079561,-0.007754482512325467,-0.0028272497788202604,0
2025-07-03 08:22:00+00:00,NVDL,69.54,69.54,69.54,69.54,180.0,3.0,69.54,69.57715065999089,69.58783315551491,-0.010682495524022784,-0.004398298927860766,0
2025-07-03 08:23:00+00:00,NVDL,69.52,69.52,69.51,69.52,1557.0,32.0,69.518847,69.56835825076152,69.58280847732863,-0.014450226567106483,-0.0064086844557099095,0
2025-07-03 08:24:00+00:00,NVDL,69.51,69.51,69.51,69.51,2902.0,26.0,69.51,69.55938005833667,69.57741525678577,-0.01803519844909829,-0.008733987254387586,0
2025-07-03 08:30:00+00:00,NVDL,69.6,69.6,69.6,69.6,504.0,7.0,69.6,69.56562928013103,69.57908820072755,-0.013458920596519874,-0.009678973922814044,0
2025-07-03 08:31:00+00:00,NVDL,69.59,69.59,69.59,69.59,439.0,6.0,69.59,69.56937862164934,69.57989648215514,-0.010517860505800058,-0.009846751239411249,0
2025-07-03 08:32:00+00:00,NVDL,69.59,69.6,69.59,69.6,1023.0,16.0,69.594645,69.57408960293405,69.58138563162512,-0.00729602869107282,-0.009336606729743563,0
2025-07-03 08:33:00+00:00,NVDL,69.54,69.54,69.54,69.54,204.0,7.0,69.54,69.5688450486365,69.57832002928252,-0.009474980646018594,-0.00936428151299857,0
2025-07-03 08:34:00+00:00,NVDL,69.59,69.59,69.54,69.54,411.0,7.0,69.563256,69.56440734884627,69.57548150859492,-0.01107415974864523,-0.009706257160127902,0
2025-07-03 08:36:00+00:00,NVDL,69.49,69.5,69.49,69.5,1548.0,32.0,69.498454,69.55449852594685,69.56989028573604,-0.015391759789181947,-0.010843357685938712,0
2025-07-03 08:38:00+00:00,NVDL,69.57,69.57,69.57,69.57,104.0,3.0,69.57,69.55688336810888,69.56989841271856,-0.01301504460967351,-0.011277695070685672,0
2025-07-03 08:41:00+00:00,NVDL,69.52,69.52,69.52,69.52,885.0,14.0,69.52,69.55120900378444,69.56620223399867,-0.01499323021423038,-0.012020802099394615,0
2025-07-03 08:44:00+00:00,NVDL,69.48,69.48,69.48,69.48,606.0,11.0,69.48,69.54025377243299,69.55981688333209,-0.019563110899099456,-0.013529263859335585,0
2025-07-03 08:45:00+00:00,NVDL,69.46,69.48,69.46,69.48,608.0,15.0,69.464367,69.53098396128945,69.55390452160378,-0.02292056031433276,-0.015407523150335022,0
2025-07-03 08:46:00+00:00,NVDL,69.48,69.5,69.48,69.5,835.0,19.0,69.496055,69.52621719801415,69.54991159407759,-0.023694396063433487,-0.017064897732954713,0
2025-07-03 08:53:00+00:00,NVDL,69.45,69.45,69.45,69.45,293.0,6.0,69.45,69.51449147524275,69.54251073525703,-0.02801926001427546,-0.01925577018921886,0
2025-07-03 08:54:00+00:00,NVDL,69.43,69.43,69.43,69.43,578.0,11.0,69.43,69.50149278674387,69.53417660671947,-0.032683819975602546,-0.021941380146495597,0
2025-07-03 08:55:00+00:00,NVDL,69.43,69.43,69.43,69.43,416.0,6.0,69.43,69.49049389647558,69.52645982103655,-0.03596592456096914,-0.024746289029390307,0
2025-07-03 08:56:00+00:00,NVDL,69.43,69.43,69.42,69.42,1448.0,24.0,69.425025,69.4796486816332,69.51857390836717,-0.03892522673397991,-0.027582076570308228,0
2025-07-03 08:57:00+00:00,NVDL,69.44,69.47,69.44,69.47,2089.0,33.0,69.45,69.47816426907424,69.51497584108071,-0.03681157200647078,-0.02942797565754074,0
2025-07-03 08:58:00+00:00,NVDL,69.47,69.47,69.47,69.47,1493.0,43.0,69.47,69.47690822767821,69.51164429729695,-0.03473606961874509,-0.030489594449781613,0
2025-07-03 08:59:00+00:00,NVDL,69.4,69.4,69.4,69.4,984.0,8.0,69.4,69.4650761926508,69.50337434934903,-0.03829815669823233,-0.03205130689947176,0
2025-07-03 09:00:00+00:00,NVDL,69.37,69.4,69.37,69.4,919.0,16.0,69.385,69.45506447070453,69.49571699013799,-0.04065251943346482,-0.033771549406270376,0
2025-07-03 09:03:00+00:00,NVDL,69.44,69.47,69.44,69.47,561.0,10.0,69.451858,69.4573622444423,69.49381202790555,-0.03644978346325445,-0.034307196217667195,0
2025-07-03 09:05:00+00:00,NVDL,69.5,69.5,69.5,69.5,4529.0,23.0,69.5,69.46392189914349,69.49427039620885,-0.030348497065361357,-0.03351545638720603,0
2025-07-03 09:06:00+00:00,NVDL,69.46,69.46,69.46,69.46,428.0,9.0,69.46,69.46331853004449,69.49173184834153,-0.028413318297040746,-0.03249502876917298,0
2025-07-03 09:07:00+00:00,NVDL,69.5,69.5,69.42,69.42,886.0,13.0,69.468,69.45665414080688,69.486418378094,-0.029764237287125184,-0.03194887047276342,0
2025-07-03 09:09:00+00:00,NVDL,69.44,69.44,69.42,69.42,499.0,12.0,69.432698,69.4510150422212,69.48149849823518,-0.03048345601398239,-0.03165578758100722,0
2025-07-03 09:14:00+00:00,NVDL,69.41,69.41,69.4,69.4,3389.0,26.0,69.405798,69.44316657418717,69.47546157243998,-0.03229499825280868,-0.03178362971536751,0
2025-07-03 09:16:00+00:00,NVDL,69.46,69.46,69.46,69.46,1332.0,18.0,69.46,69.44575633200454,69.47431627077776,-0.0285599387732276,-0.03113889152693953,0
2025-07-03 09:17:00+00:00,NVDL,69.5,69.52,69.48,69.52,3233.0,32.0,69.499252,69.45717843477307,69.47770025072015,-0.02052181594707747,-0.029015476410967116,0
2025-07-03 09:21:00+00:00,NVDL,69.47,69.52,69.47,69.52,530.0,16.0,69.503125,69.46684329096183,69.48083356548162,-0.013990274519784407,-0.026010436032730577,0
2025-07-03 09:23:00+00:00,NVDL,69.47,69.47,69.47,69.47,224.0,15.0,69.47,69.46732893850617,69.48003107914964,-0.012702140643469306,-0.023348776954878324,0
2025-07-03 09:24:00+00:00,NVDL,69.45,69.45,69.45,69.45,354.0,16.0,69.45,69.46466294796676,69.4778065547682,-0.013143606801435226,-0.02130774292418971,0
2025-07-03 09:25:00+00:00,NVDL,69.45,69.45,69.45,69.45,278.0,5.0,69.45,69.46240710981803,69.47574680997054,-0.013339700152513956,-0.019714134369854558,0
2025-07-03 09:26:00+00:00,NVDL,69.48,69.48,69.48,69.48,130.0,3.0,69.48,69.46511370830757,69.47606186108383,-0.010948152776265374,-0.017960938051136723,0
2025-07-03 09:33:00+00:00,NVDL,69.45,69.45,69.45,69.45,688.0,17.0,69.45,69.4627885224141,69.47413135285541,-0.011342830441307683,-0.016637316529170915,0
2025-07-03 09:34:00+00:00,NVDL,69.36,69.36,69.35,69.35,721.0,30.0,69.355,69.4454364420427,69.46493643782908,-0.019499995786375734,-0.01720985238061188,0
2025-07-03 09:37:00+00:00,NVDL,69.34,69.34,69.34,69.34,400.0,11.0,69.34,69.42921545095922,69.45568188687878,-0.026466435919559217,-0.019061169088401348,0
2025-07-03 09:38:00+00:00,NVDL,69.31,69.31,69.1,69.31,4970.0,78.0,69.285586,69.41087461235011,69.44489063599887,-0.03401602364876055,-0.02205214000047319,0
2025-07-03 09:39:00+00:00,NVDL,69.3,69.3,69.28,69.28,1543.0,40.0,69.296178,69.39074005660395,69.43267651481376,-0.041936458209818284,-0.02602900364234221,0
2025-07-03 09:40:00+00:00,NVDL,69.26,69.27,69.18,69.23,4112.0,66.0,69.233929,69.36601081712642,69.41766343964237,-0.05165262251594527,-0.03115372741706282,0
2025-07-03 09:41:00+00:00,NVDL,69.26,69.26,69.25,69.25,911.0,19.0,69.2525,69.34816299910698,69.40524392559479,-0.0570809264878136,-0.03633916723121298,0
2025-07-03 09:42:00+00:00,NVDL,69.25,69.25,69.22,69.24,3989.0,68.0,69.238927,69.3315225377059,69.39300363481,-0.06148109710410665,-0.04136755320579172,0
2025-07-03 09:45:00+00:00,NVDL,69.25,69.25,69.25,69.25,1315.0,16.0,69.25,69.31898060882807,69.38241077297222,-0.06343016414415104,-0.045780075393463585,0
2025-07-03 09:46:00+00:00,NVDL,69.25,69.27,69.25,69.27,1253.0,13.0,69.265833,69.31144513054683,69.37408404904835,-0.06263891850151992,-0.04915184401507486,0
2025-07-03 09:47:00+00:00,NVDL,69.25,69.29,69.25,69.29,1289.0,15.0,69.285745,69.30814587969347,69.36785560097069,-0.05970972127721552,-0.051263419467503,0
2025-07-03 09:49:00+00:00,NVDL,69.29,69.29,69.29,69.29,266.0,6.0,69.29,69.30535420589447,69.3620885194173,-0.05673431352282421,-0.052357598278567244,0
2025-07-03 09:50:00+00:00,NVDL,69.27,69.3,69.27,69.3,863.0,17.0,69.288182,69.3045304819107,69.35748936983083,-0.05295888792012704,-0.052477856206879205,0
2025-07-03 09:51:00+00:00,NVDL,69.28,69.28,69.28,69.28,233.0,6.0,69.28,69.30075656161675,69.35174941651003,-0.05099285489328054,-0.05218085594415947,0
2025-07-03 09:52:00+00:00,NVDL,69.28,69.3,69.28,69.29,532.0,11.0,69.29,69.2991017059834,69.34717538565744,-0.04807367967403309,-0.0513594206901342,0
2025-07-03 09:53:00+00:00,NVDL,69.29,69.29,69.29,69.29,264.0,7.0,69.29,69.29770144352442,69.34294017190503,-0.04523872838061038,-0.050135282228229446,0
2025-07-03 09:54:00+00:00,NVDL,69.26,69.26,69.26,69.26,153.0,3.0,69.26,69.29190122144374,69.33679645546762,-0.04489523402388329,-0.04908727258736022,0
2025-07-03 09:55:00+00:00,NVDL,69.26,69.26,69.26,69.26,220.0,4.0,69.26,69.28699334122162,69.33110782913668,-0.044114487915067,-0.048092715652901574,0
2025-07-03 09:56:00+00:00,NVDL,69.25,69.25,69.23,69.24,713.0,21.0,69.238478,69.27976359641829,69.3243591010525,-0.04459550463420214,-0.047393273449161694,0
2025-07-03 09:57:00+00:00,NVDL,69.17,69.17,69.17,69.17,178.0,9.0,69.17,69.26287688927702,69.31292509356712,-0.05004820429009271,-0.047924259617347906,0
2025-07-03 10:00:00+00:00,NVDL,69.15,69.23,69.15,69.23,3025.0,50.0,69.18949,69.25781890631133,69.30678249404362,-0.04896358773228826,-0.048132125240335985,0
2025-07-03 10:01:00+00:00,NVDL,69.17,69.17,69.17,69.17,552.0,23.0,69.17,69.24430830534035,69.29665045744778,-0.05234215210742832,-0.048974130613754455,0
2025-07-03 10:02:00+00:00,NVDL,69.13,69.13,69.13,69.13,656.0,14.0,69.13,69.22672241221106,69.28430597911832,-0.057583566907254635,-0.050696017872454494,0
2025-07-03 10:03:00+00:00,NVDL,69.13,69.13,69.13,69.13,300.0,12.0,69.13,69.21184204110166,69.27287590659104,-0.06103386548937806,-0.05276358739583921,0
2025-07-03 10:04:00+00:00,NVDL,69.05,69.05,69.05,69.05,739.0,37.0,69.05,69.18694326554757,69.2563665801769,-0.06942331462933282,-0.05609553284253793,0
2025-07-03 10:05:00+00:00,NVDL,69.08,69.08,69.07,69.07,415.0,12.0,69.075,69.16895199392486,69.24256164831195,-0.07360965438708433,-0.05959835715144722,0
2025-07-03 10:06:00+00:00,NVDL,69.04,69.04,69.04,69.04,486.0,14.0,69.04,69.14911322562872,69.22755708177031,-0.07844385614158966,-0.06336745694947571,0
2025-07-03 10:07:00+00:00,NVDL,69.1,69.1,69.1,69.1,392.0,11.0,69.1,69.14155734476276,69.21810840904658,-0.07655106428381941,-0.06600417841634446,0
2025-07-03 10:08:00+00:00,NVDL,69.09,69.11,69.09,69.1,1273.0,19.0,69.102198,69.13516390710694,69.20935963800609,-0.07419573089914877,-0.06764248891290532,0
2025-07-03 10:09:00+00:00,NVDL,69.08,69.08,69.08,69.08,4587.0,21.0,69.08,69.12667715216742,69.19977744259823,-0.07310029043081556,-0.06873404921648738,0
2025-07-03 10:10:00+00:00,NVDL,69.08,69.12,69.08,69.12,1596.0,28.0,69.086944,69.12564989798781,69.19386800240578,-0.06821810441796572,-0.06863086025678306,0
2025-07-03 10:11:00+00:00,NVDL,69.12,69.13,69.1,69.11,1977.0,23.0,69.115124,69.12324222137431,69.18765555778313,-0.06441333640881908,-0.06778735548719027,0
2025-07-03 10:12:00+00:00,NVDL,69.13,69.13,69.13,69.13,4505.0,17.0,69.13,69.12428187962442,69.18338477572513,-0.05910289610071118,-0.06605046360989444,1
2025-07-03 10:14:00+00:00,NVDL,69.1,69.1,69.1,69.1,171.0,6.0,69.1,69.12054620583605,69.17720812567141,-0.056661919835363506,-0.06417275485498826,0
2025-07-03 10:15:00+00:00,NVDL,69.09,69.14,69.08,69.14,5094.0,36.0,69.090698,69.1235390972459,69.17445196821427,-0.050912870968375046,-0.06152077807766562,0
2025-07-03 10:16:00+00:00,NVDL,69.15,69.15,69.09,69.09,488.0,9.0,69.11,69.11837923613115,69.16819626686507,-0.04981703073391941,-0.059180028608916385,0
2025-07-03 10:17:00+00:00,NVDL,69.11,69.11,69.11,69.11,742.0,12.0,69.11,69.1170901228802,69.16388543228246,-0.04679530940225618,-0.056703084767584344,0
2025-07-03 10:18:00+00:00,NVDL,69.14,69.14,69.14,69.14,356.0,7.0,69.14,69.12061471936018,69.16211614100227,-0.04150142164209569,-0.053662752142486614,0
2025-07-03 10:21:00+00:00,NVDL,69.1,69.13,69.1,69.13,3323.0,49.0,69.106171,69.12205860868937,69.1597371675947,-0.03767855890532701,-0.05046591349505469,0
2025-07-03 10:22:00+00:00,NVDL,69.12,69.12,69.12,69.12,1312.0,21.0,69.12,69.12174189966024,69.1567936736988,-0.035051774038564076,-0.04738308560375657,0
2025-07-03 10:23:00+00:00,NVDL,69.16,69.16,69.15,69.15,556.0,17.0,69.155,69.1260892997125,69.15629043861,-0.030201138897496094,-0.04394669626250448,0
2025-07-03 10:24:00+00:00,NVDL,69.13,69.13,69.13,69.13,408.0,13.0,69.13,69.12669094591058,69.15434299871296,-0.027652052802380922,-0.04068776757047977,0
2025-07-03 10:27:00+00:00,NVDL,69.27,69.28,69.27,69.28,1387.0,18.0,69.271078,69.15027695423203,69.16365092473423,-0.013373970502200905,-0.03522500815682399,0
2025-07-03 10:30:00+00:00,NVDL,69.19,69.19,69.19,69.19,400.0,2.0,69.19,69.15638819204248,69.16560270808725,-0.00921451604476431,-0.03002290973441206,0
2025-07-03 10:31:00+00:00,NVDL,69.22,69.22,69.22,69.22,588.0,11.0,69.22,69.16617462403595,69.16963213711782,-0.003457513081869479,-0.024709830403903545,0
2025-07-03 10:34:00+00:00,NVDL,69.3,69.31,69.3,69.3,4624.0,26.0,69.30028,69.18676314341504,69.17928901584983,0.007474127565203048,-0.01827303881008223,0
2025-07-03 10:35:00+00:00,NVDL,69.28,69.29,69.28,69.29,897.0,15.0,69.285,69.2026457367358,69.18748982949059,0.015155907245215872,-0.011587249599022608,0
2025-07-03 10:36:00+00:00,NVDL,69.3,69.3,69.3,69.3,600.0,8.0,69.3,69.21762331569953,69.195823916195,0.02179939950453047,-0.0049099197783119925,0
2025-07-03 10:37:00+00:00,NVDL,69.29,69.29,69.29,69.29,217.0,7.0,69.29,69.22875819020729,69.20279992240278,0.025958267804512047,0.0012637177382528158,0
2025-07-03 10:38:00+00:00,NVDL,69.29,69.3,69.29,69.3,679.0,12.0,69.295935,69.23971846863694,69.20999992815072,0.029718540486214806,0.006954682287845215,0
2025-07-03 10:40:00+00:00,NVDL,69.3,69.3,69.3,69.3,195.0,6.0,69.3,69.2489925503851,69.21666660013955,0.03232595024554996,0.012028935879386166,0
2025-07-03 10:41:00+00:00,NVDL,69.33,69.33,69.33,69.33,1454.0,14.0,69.33,69.26145523494124,69.22506166679588,0.03639356814535688,0.01690186233258031,0
2025-07-03 10:42:00+00:00,NVDL,69.33,69.35,69.33,69.35,1437.0,7.0,69.346923,69.27507750648874,69.23431635814433,0.04076114834441569,0.021673719534947386,0
2025-07-03 10:44:00+00:00,NVDL,69.31,69.31,69.31,69.31,220.0,7.0,69.31,69.28045019779817,69.23992255383735,0.04052764396082864,0.025444504420123637,0
2025-07-03 10:46:00+00:00,NVDL,69.35,69.35,69.35,69.35,100.0,1.0,69.35,69.29115016736769,69.24807643873828,0.04307372862940895,0.0289703492619807,0
2025-07-03 10:47:00+00:00,NVDL,69.37,69.4,69.37,69.4,1516.0,27.0,69.386277,69.30789629546497,69.25933003586877,0.04856625959619976,0.032889531328824516,0
2025-07-03 10:48:00+00:00,NVDL,69.41,69.41,69.41,69.41,1676.0,16.0,69.41,69.32360455770113,69.27049077395256,0.053113783748571564,0.03693438181277393,0
2025-07-03 10:50:00+00:00,NVDL,69.41,69.41,69.32,69.32,4405.0,60.0,69.34929,69.3230500103625,69.27415812403015,0.04889188633234198,0.039325882716687535,0
2025-07-03 10:53:00+00:00,NVDL,69.36,69.36,69.36,69.36,220.0,6.0,69.36,69.32873462415287,69.28051678150939,0.04821784264348139,0.041104274702046306,0
2025-07-03 10:54:00+00:00,NVDL,69.37,69.43,69.37,69.43,1532.0,14.0,69.40245,69.34431391274474,69.2915896125087,0.05272430023603647,0.043428279808844346,0
2025-07-03 10:55:00+00:00,NVDL,69.45,69.45,69.45,69.45,197.0,6.0,69.45,69.360573310784,69.30332371528584,0.05724959549816333,0.046192542946708146,0
2025-07-03 10:57:00+00:00,NVDL,69.5,69.5,69.42,69.42,1902.0,34.0,69.435911,69.3697158783557,69.31196640304245,0.05774947531325836,0.04850392942001819,0
2025-07-03 10:58:00+00:00,NVDL,69.44,69.45,69.44,69.45,671.0,15.0,69.4425,69.3820672816856,69.3221911139282,0.05987616775739468,0.050778377087493484,0
2025-07-03 10:59:00+00:00,NVDL,69.45,69.45,69.45,69.45,270.0,3.0,69.45,69.39251846911858,69.3316584388224,0.060860030296183254,0.05279470772923144,0
2025-07-03 11:00:00+00:00,NVDL,69.47,69.48,69.43,69.43,2535.0,25.0,69.457464,69.39828485848496,69.33894299890964,0.05934185957531213,0.05410413809844758,0
2025-07-03 11:01:00+00:00,NVDL,69.4,69.4,69.4,69.4,956.0,16.0,69.4,69.39854872641035,69.34346573973114,0.055082986679209966,0.05429990781460006,-1
2025-07-03 11:02:00+00:00,NVDL,69.42,69.42,69.41,69.41,511.0,9.0,69.413333,69.40031046080875,69.34839420345476,0.05191625735399441,0.05382317772247894,0
2025-07-03 11:03:00+00:00,NVDL,69.41,69.45,69.41,69.45,1175.0,19.0,69.428581,69.40795500529971,69.3559205587544,0.05203444654530642,0.05346543148704444,0
2025-07-03 11:04:00+00:00,NVDL,69.47,69.47,69.47,69.47,753.0,28.0,69.47,69.41750038909976,69.36437088773556,0.053129501364196585,0.053398245462474875,0
2025-07-03 11:05:00+00:00,NVDL,69.53,69.53,69.5,69.51,2617.0,36.0,69.515851,69.43173109846903,69.37515822938478,0.05657286908424908,0.054033170186829724,0
2025-07-03 11:07:00+00:00,NVDL,69.47,69.47,69.47,69.47,483.0,12.0,69.47,69.43761862178148,69.38218354572665,0.05543507605483455,0.054313551360430694,0
2025-07-03 11:08:00+00:00,NVDL,69.42,69.42,69.42,69.42,345.0,9.0,69.42,69.43490806458433,69.38498476456171,0.049923300022626904,0.05343550109286994,0
2025-07-03 11:09:00+00:00,NVDL,69.45,69.45,69.45,69.45,279.0,8.0,69.45,69.43722990080214,69.3898007079275,0.0474291928746311,0.052234239449222175,0
2025-07-03 11:11:00+00:00,NVDL,69.45,69.46,69.45,69.46,2703.0,21.0,69.450435,69.44073299298643,69.39500065548843,0.04573233749799499,0.050933859058976745,0
2025-07-03 11:14:00+00:00,NVDL,69.44,69.45,69.44,69.45,748.0,17.0,69.443333,69.44215868637313,69.3990746810078,0.04308400536532986,0.04936388832024737,0
2025-07-03 11:18:00+00:00,NVDL,69.46,69.5,69.46,69.5,1707.0,27.0,69.470215,69.45105735000803,69.40655063056279,0.04450671944523776,0.04839245454524545,0
2025-07-03 11:23:00+00:00,NVDL,69.5,69.5,69.5,69.5,250.0,6.0,69.5,69.45858698846834,69.41347280607667,0.04511418239167142,0.047736800114530645,0
2025-07-03 11:24:00+00:00,NVDL,69.48,69.48,69.48,69.48,312.0,5.0,69.48,69.46188129793475,69.41840074636728,0.04348055156746966,0.04688555040511845,0
2025-07-03 11:25:00+00:00,NVDL,69.47,69.47,69.47,69.47,577.0,8.0,69.47,69.46313032902171,69.42222291330303,0.04090741571867795,0.04568992346783035,0
2025-07-03 11:28:00+00:00,NVDL,69.5,69.51,69.5,69.51,210.0,4.0,69.505,69.47034104763375,69.42872491972503,0.04161612790872482,0.044875164356009245,0
2025-07-03 11:30:00+00:00,NVDL,69.5,69.5,69.5,69.5,383.0,12.0,69.5,69.47490396338242,69.43400455530096,0.04089940808145798,0.04408001310109899,0
2025-07-03 11:31:00+00:00,NVDL,69.51,69.51,69.51,69.51,238.0,10.0,69.51,69.48030335363127,69.43963384750089,0.040669506130385,0.0433979117069562,0
2025-07-03 11:32:00+00:00,NVDL,69.48,69.48,69.48,69.48,659.0,8.0,69.48,69.48025668384184,69.44262393287119,0.037632750970658435,0.04224487955969665,0
2025-07-03 11:33:00+00:00,NVDL,69.4,69.4,69.4,69.4,262.0,9.0,69.4,69.46790950171233,69.43946660451036,0.028442897201969686,0.03948448308815126,0
2025-07-03 11:34:00+00:00,NVDL,69.43,69.43,69.43,69.43,172.0,5.0,69.43,69.46207727067966,69.43876537454663,0.023311896133023424,0.03624996569712569,0
2025-07-03 11:35:00+00:00,NVDL,69.45,69.45,69.45,69.45,162.0,4.0,69.45,69.46021922903664,69.43959756902466,0.020621660011983067,0.03312430456009717,0
2025-07-03 11:36:00+00:00,NVDL,69.47,69.49,69.46,69.49,5293.0,25.0,69.474062,69.46480088610792,69.44333108243023,0.02146980367768947,0.030793404383615632,0
2025-07-03 11:37:00+00:00,NVDL,69.43,69.43,69.42,69.43,3003.0,32.0,69.426452,69.45944690362978,69.44234359484281,0.017103308786971638,0.028055385264286838,0
2025-07-03 11:38:00+00:00,NVDL,69.43,69.43,69.43,69.43,669.0,19.0,69.43,69.45491661076366,69.44142925448409,0.013487356279568985,0.025141779467343268,0
2025-07-03 11:43:00+00:00,NVDL,69.41,69.42,69.41,69.42,1115.0,11.0,69.41891,69.44954482449234,69.43984190230007,0.009702922192261099,0.022054008012326837,0
2025-07-03 11:44:00+00:00,NVDL,69.44,69.46,69.44,69.46,428.0,8.0,69.449957,69.45115331303198,69.44133509472229,0.009818218309689541,0.019606850071799378,0
2025-07-03 11:45:00+00:00,NVDL,69.48,69.51,69.48,69.51,1332.0,24.0,69.48677,69.4602066494886,69.44642138400212,0.01378526548647585,0.018442533154734674,0
2025-07-03 11:48:00+00:00,NVDL,69.49,69.49,69.49,69.49,866.0,10.0,69.49,69.46479024187497,69.44964942963159,0.015140812243373603,0.01778218897246246,0
2025-07-03 11:49:00+00:00,NVDL,69.5,69.51,69.5,69.51,1377.0,16.0,69.500847,69.47174558927883,69.45411984225147,0.017625747027352645,0.017750900583440497,0
2025-07-03 11:50:00+00:00,NVDL,69.51,69.51,69.51,69.51,465.0,7.0,69.51,69.47763088323593,69.45825911319581,0.019371770040123693,0.018075074474777138,0
2025-07-03 11:52:00+00:00,NVDL,69.55,69.56,69.55,69.55,1708.0,31.0,69.551495,69.48876459350733,69.46505473444056,0.023709859066769923,0.019202031393175695,0
2025-07-03 11:54:00+00:00,NVDL,69.55,69.55,69.55,69.55,348.0,15.0,69.55,69.49818542527542,69.47134697633385,0.026838448941575166,0.020729314902855588,1
2025-07-03 11:55:00+00:00,NVDL,69.57,69.57,69.57,69.57,461.0,20.0,69.57,69.5092338213869,69.47865460771654,0.030579213670364425,0.022699294656357356,0
2025-07-03 11:57:00+00:00,NVDL,69.56,69.56,69.56,69.56,304.0,8.0,69.56,69.517044002712,69.48468019233013,0.03236381038186664,0.024632197801459213,0
2025-07-03 11:58:00+00:00,NVDL,69.55,69.55,69.54,69.55,336.0,5.0,69.546515,69.52211415614092,69.48951869660196,0.032595459538953264,0.026224850148958024,0
2025-07-03 11:59:00+00:00,NVDL,69.55,69.55,69.55,69.55,235.0,3.0,69.55,69.52640428596538,69.49399879314996,0.03240549281542826,0.02746097868225207,0
2025-07-03 12:00:00+00:00,NVDL,69.5,70.15,69.08,69.47,90716.0,1127.0,69.62418,69.51772670350917,69.49222110476848,0.025505598740693358,0.02706990269394033,-1
2025-07-03 12:01:00+00:00,NVDL,69.47,69.47,69.47,69.47,1993.0,28.0,69.47,69.51038413373853,69.49057509700785,0.019809036730677576,0.02561772950128778,0
2025-07-03 12:02:00+00:00,NVDL,69.5,69.5,69.5,69.5,696.0,19.0,69.5,69.50878657470183,69.49127323797023,0.017513336731596496,0.023996850947349525,0
2025-07-03 12:03:00+00:00,NVDL,69.53,69.53,69.53,69.53,315.0,9.0,69.53,69.51205017859385,69.49414188700948,0.017908291584376457,0.022779139074754914,0
2025-07-03 12:04:00+00:00,NVDL,69.53,69.53,69.53,69.53,223.0,10.0,69.53,69.51481168957942,69.49679804352729,0.01801364605212541,0.021826040470229013,0
2025-07-03 12:05:00+00:00,NVDL,69.58,69.65,69.58,69.65,4332.0,58.0,69.629037,69.53560989118259,69.50814633659934,0.02746355458324956,0.022953543292833126,0
2025-07-03 12:07:00+00:00,NVDL,69.65,69.7092,69.62,69.7092,4504.0,71.0,69.665632,69.56231606176988,69.52303920055495,0.03927686121492968,0.026218206877252438,1
2025-07-03 12:08:00+00:00,NVDL,69.67,69.8,69.67,69.8,4755.0,76.0,69.748331,69.59888282149758,69.54355481532865,0.05532800616893496,0.032040166735588946,0
2025-07-03 12:09:00+00:00,NVDL,69.77,69.77,69.73,69.73,1233.0,30.0,69.741029,69.61905469511333,69.55736556974874,0.06168912536459459,0.03796995846139008,0
2025-07-03 12:10:00+00:00,NVDL,69.68,69.7,69.67,69.67,2783.0,43.0,69.680978,69.62689243432666,69.56570886087846,0.06118357344820424,0.04261268145875291,0
2025-07-03 12:12:00+00:00,NVDL,69.66,69.66,69.6,69.6,1103.0,15.0,69.638923,69.62275513673795,69.56824894525784,0.05450619148011526,0.044991383463025385,0
2025-07-03 12:13:00+00:00,NVDL,69.62,69.62,69.6,69.6,3124.0,35.0,69.609179,69.61925434647057,69.57060087523874,0.04865347123183028,0.045723801016786365,0
2025-07-03 12:14:00+00:00,NVDL,69.68,69.69,69.68,69.69,1364.0,17.0,69.685666,69.6301382931674,69.57944525485068,0.050693038316723005,0.0467176484767737,0
2025-07-03 12:15:00+00:00,NVDL,69.7,69.7,69.7,69.7,498.0,12.0,69.7,69.64088624806473,69.58837523597286,0.0525110120918697,0.047876321199792904,0
2025-07-03 12:16:00+00:00,NVDL,69.67,69.67,69.67,69.67,225.0,11.0,69.67,69.645365286824,69.59442151478969,0.05094377203431577,0.04848981136669748,0
2025-07-03 12:17:00+00:00,NVDL,69.68,69.71,69.67,69.6748,5546.0,36.0,69.677417,69.6498937042357,69.60037547665712,0.049518227578573715,0.04869549460907273,-1
2025-07-03 12:18:00+00:00,NVDL,69.7,69.75,69.68,69.7,3447.0,42.0,69.719979,69.65760236512251,69.60775507097881,0.049847294143702925,0.04892585451599877,0
2025-07-03 12:19:00+00:00,NVDL,69.7,69.7,69.68,69.68,5423.0,24.0,69.686256,69.66104815510367,69.6131065472026,0.04794160790106616,0.04872900519301225,0
2025-07-03 12:20:00+00:00,NVDL,69.7392,69.7392,69.7392,69.7392,459.0,16.0,69.7392,69.67307151585695,69.62244680296538,0.050624712891561785,0.049108146732722166,0
2025-07-03 12:21:00+00:00,NVDL,69.72,69.73,69.7,69.7,2609.0,13.0,69.725571,69.67721435957127,69.62819148422722,0.049022875344050476,0.04909109245498783,0
2025-07-03 12:22:00+00:00,NVDL,69.6401,69.65,69.64,69.64,3133.0,27.0,69.640421,69.67148907348337,69.62906618909928,0.04242288438409503,0.04775745084080927,0
2025-07-03 12:23:00+00:00,NVDL,69.62,69.65,69.62,69.65,1713.0,18.0,69.647531,69.66818306217824,69.6306168417586,0.037566220419648744,0.04571920475657717,0
2025-07-03 12:24:00+00:00,NVDL,69.64,69.7,69.64,69.7,2741.0,28.0,69.686957,69.67307797568928,69.63575633496167,0.03732164072761179,0.044039691950784096,0
2025-07-03 12:25:00+00:00,NVDL,69.7,69.71,69.67,69.67,4747.0,52.0,69.700151,69.67260444096786,69.63829290274228,0.03431153822558031,0.04209406120574334,0
2025-07-03 12:26:00+00:00,NVDL,69.679,69.679,69.65,69.65,284.0,11.0,69.6645,69.66912683466511,69.63916009513174,0.02996673953336426,0.039668596871267524,0
2025-07-03 12:27:00+00:00,NVDL,69.63,69.66,69.63,69.66,2638.0,29.0,69.651055,69.66772270625509,69.64070379178865,0.02701891446643856,0.03713866039030173,0
2025-07-03 12:28:00+00:00,NVDL,69.66,69.76,69.65,69.66,1951.0,20.0,69.678416,69.66653459760046,69.64213314054504,0.02440145705541852,0.03459121972332509,0
2025-07-03 12:29:00+00:00,NVDL,69.75,69.75,69.67,69.67,1282.0,15.0,69.702475,69.66706773643116,69.64419735235651,0.022870384074650474,0.03224705259359016,0
2025-07-03 12:30:00+00:00,NVDL,69.8,70.0999,69.8,70.02,29569.0,452.0,69.987419,69.72136500774945,69.67203458551529,0.04933042223416351,0.03566372652170483,1
2025-07-03 12:31:00+00:00,NVDL,70.0,70.04,69.93,70.03,6275.0,72.0,69.988063,69.76884731424954,69.69855054214379,0.07029677210574903,0.04259033563851367,0
2025-07-03 12:32:00+00:00,NVDL,70.08,70.09,70.0,70.02,8538.0,110.0,70.060043,69.80748618898038,69.72236161309611,0.08512457588426514,0.05109718368766397,0
2025-07-03 12:33:00+00:00,NVDL,69.99,70.08,69.98,70.08,3577.0,60.0,69.997302,69.84941139067571,69.74885334545937,0.1005580452163457,0.06098935599340032,0
2025-07-03 12:34:00+00:00,NVDL,70.07,70.14,70.06,70.14,15087.0,127.0,70.096789,69.89411733057176,69.77782717172164,0.11629015885011995,0.07204951656474425,0
2025-07-03 12:35:00+00:00,NVDL,70.1764,70.2,70.14,70.1799,6867.0,127.0,70.178865,69.93808389509918,69.80761034418671,0.1304735509124697,0.08373432343428934,0
2025-07-03 12:36:00+00:00,NVDL,70.18,70.1996,70.05,70.05,12375.0,111.0,70.126178,69.95530175739162,69.82556513350622,0.12973662388540674,0.09293478352451283,0
2025-07-03 12:37:00+00:00,NVDL,70.08,70.15,70.08,70.12,13257.0,76.0,70.141579,69.98063994856214,69.84737512361687,0.1332648249452717,0.1010007918086646,0
2025-07-03 12:38:00+00:00,NVDL,70.17,70.17,70.1,70.1,1895.0,25.0,70.13947,69.99900303339874,69.86608807742303,0.13291495597570702,0.10738362464207309,0
2025-07-03 12:39:00+00:00,NVDL,70.12,70.14,70.05,70.12,3918.0,69.0,70.096564,70.01761795133739,69.8848963679843,0.1327215833530886,0.11245121638427619,0
2025-07-03 12:40:00+00:00,NVDL,70.14,70.18,70.1376,70.18,4026.0,46.0,70.152644,70.04259980497778,69.90675589628177,0.13584390869601748,0.11712975484662445,0
2025-07-03 12:41:00+00:00,NVDL,70.2,70.22,70.16,70.21,12327.0,125.0,70.193857,70.06835368113505,69.92921842248312,0.1391352586519332,0.12153085560768621,0
2025-07-03 12:42:00+00:00,NVDL,70.23,70.26,70.22,70.26,13171.0,107.0,70.242333,70.0978377301912,69.95372076155844,0.14411696863275836,0.12604807821270064,0
2025-07-03 12:43:00+00:00,NVDL,70.27,70.359,70.27,70.2893,12482.0,160.0,70.330299,70.12729346400793,69.97857848292449,0.14871498108344383,0.1305814587868493,0
2025-07-03 12:44:00+00:00,NVDL,70.2795,70.2795,70.18,70.22,5350.0,81.0,70.231445,70.14155600800672,69.99646155826342,0.1450944497432971,0.13348405697813887,0
2025-07-03 12:45:00+00:00,NVDL,70.22,70.24,70.15,70.15,3822.0,60.0,70.20671,70.142855083698,70.00783477616983,0.13502030752816552,0.1337913070881442,-1
2025-07-03 12:46:00+00:00,NVDL,70.11,70.14,70.11,70.14,1968.0,41.0,70.128193,70.14241584005215,70.01762479274984,0.12479104730230972,0.13199125513097731,0
2025-07-03 12:47:00+00:00,NVDL,70.11,70.11,70.07,70.08,11090.0,40.0,70.074139,70.13281340312105,70.02224517847208,0.11056822464897209,0.12770664903457626,0
2025-07-03 12:48:00+00:00,NVDL,70.07,70.07,69.97,69.97,5605.0,87.0,70.012645,70.10776518725628,70.01837516525192,0.08939002200435198,0.12004332362853141,0
2025-07-03 12:49:00+00:00,NVDL,69.99,70.0598,69.99,70.01,1529.0,32.0,70.031254,70.09272438921684,70.01775478264068,0.07496960657616114,0.11102858021805737,0
2025-07-03 12:50:00+00:00,NVDL,70.09,70.23,70.09,70.23,2080.0,36.0,70.169899,70.1138437139527,70.03347665059322,0.08036706335948907,0.10489627684634371,0
2025-07-03 12:51:00+00:00,NVDL,70.18,70.21,70.16,70.17,2066.0,44.0,70.182411,70.12248314257536,70.04358949129,0.0788936512853553,0.09969575173414603,0
2025-07-03 12:52:00+00:00,NVDL,70.2,70.2,70.18,70.18,1344.0,19.0,70.195842,70.13133188987146,70.05369397341667,0.07763791645479046,0.09528418467827492,0
2025-07-03 12:53:00+00:00,NVDL,70.21,70.27,70.21,70.259,2646.0,39.0,70.243428,70.15097313758355,70.06890182723765,0.08207131034589565,0.09264160981179907,0
2025-07-03 12:54:00+00:00,NVDL,70.25,70.25,70.21,70.24,2652.0,35.0,70.228095,70.16466957795531,70.08157576596078,0.08309381199453014,0.09073205024834528,0
2025-07-03 12:55:00+00:00,NVDL,70.2301,70.37,70.2301,70.37,7150.0,74.0,70.342083,70.19625887365449,70.10294052403776,0.09331834961672314,0.09124931012202087,0
2025-07-03 12:56:00+00:00,NVDL,70.37,70.44,70.37,70.4102,1476.0,48.0,70.408319,70.22917289309225,70.12570048522015,0.1034724078721041,0.09369392967203752,1
2025-07-03 12:57:00+00:00,NVDL,70.45,70.45,70.34,70.35,3533.0,76.0,70.407161,70.24776167877037,70.14231526409273,0.10544641467764393,0.0960444266731588,0
2025-07-03 12:58:00+00:00,NVDL,70.35,70.36,70.35,70.36,1137.0,25.0,70.352966,70.2650291128057,70.15844005934511,0.10658905346059555,0.09815335203064615,0
2025-07-03 12:59:00+00:00,NVDL,70.38,70.38,70.3,70.3,6225.0,62.0,70.329694,70.27040924929713,70.1689259808751,0.10148326842202948,0.09881933530892281,0
2025-07-03 13:00:00+00:00,NVDL,70.32,70.3898,70.32,70.3898,12159.0,51.0,70.364941,70.28877705709758,70.1852870193288,0.10349003776877908,0.09975347580089408,0
2025-07-03 13:01:00+00:00,NVDL,70.4501,70.51,70.4501,70.51,15179.0,173.0,70.483131,70.32281135600564,70.20933983271185,0.1134715232937964,0.10249708529947456,0
2025-07-03 13:02:00+00:00,NVDL,70.5,70.56,70.49,70.551,8556.0,73.0,70.514059,70.35791730123555,70.23464799325171,0.12326930798383273,0.10665152983634621,0
2025-07-03 13:03:00+00:00,NVDL,70.57,70.59,70.48,70.52,14296.0,129.0,70.546474,70.38285310104546,70.25578517893678,0.12706792210867945,0.11073480829081286,0
2025-07-03 13:04:00+00:00,NVDL,70.51,70.59,70.51,70.59,3972.0,49.0,70.541498,70.41472185473077,70.28054183234887,0.13418002238189786,0.11542385110902986,0
2025-07-03 13:05:00+00:00,NVDL,70.62,70.66,70.57,70.66,16386.0,141.0,70.641246,70.45245695400295,70.30864984476747,0.1438071092354818,0.12110050273432026,0
2025-07-03 13:06:00+00:00,NVDL,70.64,70.69,70.63,70.68,4570.0,74.0,70.65525,70.48746357646404,70.33615726367358,0.15130631279045303,0.1271416647455468,0
2025-07-03 13:07:00+00:00,NVDL,70.68,70.6892,70.58,70.58,5488.0,78.0,70.65061,70.50169994931572,70.35421968858665,0.1474802607290684,0.13120938394225112,0
2025-07-03 13:08:00+00:00,NVDL,70.59,70.59,70.541,70.5602,5501.0,64.0,70.567756,70.5106999571133,70.36947748943209,0.14122246768121727,0.13321200069004435,0
2025-07-03 13:09:00+00:00,NVDL,70.5606,70.65,70.5606,70.62,12783.0,106.0,70.63441,70.52751534832665,70.3880347124371,0.13948063588954085,0.13446572772994367,0
2025-07-03 13:10:00+00:00,NVDL,70.62,70.63,70.5894,70.59,4224.0,51.0,70.604101,70.53712837166101,70.40299510410843,0.1341332675525848,0.1343992356944719,-1
2025-07-03 13:11:00+00:00,NVDL,70.5899,70.59,70.58,70.59,2239.0,39.0,70.589008,70.54526246832854,70.41684731861892,0.12841514970962464,0.13320241849750245,0
2025-07-03 13:12:00+00:00,NVDL,70.5601,70.5601,70.5,70.5,7468.0,97.0,70.518254,70.53829901166262,70.42300677649901,0.11529223516360787,0.12962038183072355,0
2025-07-03 13:13:00+00:00,NVDL,70.47,70.5,70.45,70.4748,4862.0,34.0,70.454648,70.52852993294529,70.42684331157315,0.10168662137213857,0.12403362973900657,0
2025-07-03 13:14:00+00:00,NVDL,70.55,70.55,70.5,70.5,3169.0,40.0,70.526346,70.52414071249217,70.4322623255307,0.09187838696146855,0.11760258118349898,0
2025-07-03 13:15:00+00:00,NVDL,70.519,70.5429,70.48,70.5,783.0,27.0,70.513423,70.52042675672413,70.43727993104696,0.08314682567717568,0.11071143008223433,0
2025-07-03 13:16:00+00:00,NVDL,70.48,70.5,70.48,70.5,1834.0,51.0,70.48844,70.51728417876657,70.44192586208052,0.07535831668604942,0.10364080740299736,0
2025-07-03 13:17:00+00:00,NVDL,70.5297,70.5297,70.5,70.5,883.0,40.0,70.515604,70.51462507434096,70.44622765007456,0.06839742426639361,0.0965921307756766,0
2025-07-03 13:18:00+00:00,NVDL,70.51,70.52,70.49,70.52,1839.0,47.0,70.516029,70.5154519859808,70.45169226858756,0.06375971739323916,0.09002564809918912,0
2025-07-03 13:19:00+00:00,NVDL,70.5,70.51,70.5,70.51,2543.0,47.0,70.50057,70.51461321890683,70.4560113598033,0.05860185910353266,0.08374089030005784,0
2025-07-03 13:20:00+00:00,NVDL,70.54,70.54,70.51,70.51,1736.0,43.0,70.527177,70.51390349292116,70.46001051833639,0.053892974584769604,0.07777130715700019,0
2025-07-03 13:21:00+00:00,NVDL,70.54,70.57,70.52,70.57,2283.0,34.0,70.551478,70.52253372477944,70.46815788734851,0.05437583743092489,0.07309221321178513,0
2025-07-03 13:22:00+00:00,NVDL,70.57,70.67,70.57,70.67,4026.0,93.0,70.617444,70.54522084404414,70.48310915495232,0.06211168909182163,0.07089610838779244,0
2025-07-03 13:23:00+00:00,NVDL,70.69,70.74,70.69,70.74,7729.0,160.0,70.705959,70.57518686803735,70.50213810643733,0.07304876160002038,0.07132663903023803,0
2025-07-03 13:24:00+00:00,NVDL,70.7307,70.77,70.73,70.75,9156.0,90.0,70.75333,70.6020811960316,70.52049824670124,0.08158294933036814,0.07337790109026406,1
2025-07-03 13:25:00+00:00,NVDL,70.72,70.72,70.44,70.44,17497.0,298.0,70.555221,70.57714562741135,70.51453541361226,0.06261021379908982,0.07122436363202922,-1
2025-07-03 13:26:00+00:00,NVDL,70.54,70.6,70.52,70.6,5205.0,74.0,70.535615,70.58066168473269,70.52086612371505,0.059795561017637056,0.06893860310915079,0
2025-07-03 13:27:00+00:00,NVDL,70.57,70.61,70.53,70.61,7421.0,90.0,70.560544,70.58517527169688,70.52746863306949,0.05770663862739411,0.06669221021279946,0
2025-07-03 13:28:00+00:00,NVDL,70.64,70.72,70.62,70.67,8835.0,124.0,70.676732,70.59822522989737,70.53802651210138,0.06019871779598418,0.0653935117294364,0
2025-07-03 13:29:00+00:00,NVDL,70.67,70.67,70.64,70.64,2609.0,53.0,70.662466,70.60465211760547,70.54558010379758,0.059072013807892176,0.06412921214512757,0
2025-07-03 13:30:00+00:00,NVDL,70.63,71.12,70.52,70.94,200932.0,1716.0,70.884188,70.65624409951232,70.57479639240518,0.0814477071071451,0.06759291113753108,1
2025-07-03 13:31:00+00:00,NVDL,70.97,71.17,70.3801,70.8,95374.0,975.0,70.911298,70.67836039189504,70.5914781411159,0.08688225077914069,0.07145077906585301,0
2025-07-03 13:32:00+00:00,NVDL,70.84,70.96,70.5801,70.77,86427.0,576.0,70.718144,70.69245879314195,70.60470198251473,0.0877568106272264,0.07471198537812769,0
2025-07-03 13:33:00+00:00,NVDL,70.77,70.92,70.4,70.41,60967.0,587.0,70.694281,70.64900359419704,70.59027961343956,0.058723980757477534,0.07151438445399766,-1
2025-07-03 13:34:00+00:00,NVDL,70.5,70.53,70.3,70.42,48322.0,532.0,70.409232,70.61377227201288,70.57766630874033,0.036105963272547115,0.06443270021770756,0
2025-07-03 13:35:00+00:00,NVDL,70.47,70.86,70.35,70.71,38536.0,480.0,70.623756,70.62857653785706,70.5874688043892,0.04110773346785379,0.05976770686773681,0
2025-07-03 13:36:00+00:00,NVDL,70.76,70.82,70.64,70.76,24720.0,325.0,70.735175,70.64879553203289,70.60024889295298,0.048546639079916076,0.05752349331017267,0
2025-07-03 13:37:00+00:00,NVDL,70.77,70.81,70.5924,70.69,43511.0,370.0,70.676963,70.65513468095091,70.60689712310462,0.048237557846292134,0.055666306217396565,0
2025-07-03 13:38:00+00:00,NVDL,70.69,70.75,70.56,70.63,28383.0,364.0,70.628302,70.65126780695846,70.6086084473191,0.04265935963935874,0.053064916901789,0
2025-07-03 13:39:00+00:00,NVDL,70.5883,70.6,70.372,70.4982,44223.0,367.0,70.483713,70.62771891358024,70.60043004381399,0.027288869766252333,0.047909707474681665,0
2025-07-03 13:40:00+00:00,NVDL,70.5,70.54,70.13,70.21,79185.0,548.0,70.298477,70.56345446533712,70.57150929982777,-0.008054834490650364,0.03671679908161526,0
2025-07-03 13:41:00+00:00,NVDL,70.1998,70.24,70.08,70.1499,46639.0,462.0,70.151607,70.4998307014391,70.540278981322,-0.04044827988290933,0.02128378328871034,0
2025-07-03 13:42:00+00:00,NVDL,70.14,70.28,70.1,70.22,49610.0,356.0,70.188513,70.45677982429461,70.51655461233518,-0.05977478804057057,0.00507206902285416,0
2025-07-03 13:43:00+00:00,NVDL,70.21,70.3,70.15,70.22,42607.0,294.0,70.215418,70.42035215901852,70.49458760401406,-0.07423544499553714,-0.010789433780824101,0
2025-07-03 13:44:00+00:00,NVDL,70.22,70.45,70.21,70.45,62761.0,340.0,70.328888,70.42491336532336,70.49128481853154,-0.06637145320817694,-0.02190583766629467,0
2025-07-03 13:45:00+00:00,NVDL,70.47,70.68,70.47,70.63,104603.0,586.0,70.582155,70.45646515527362,70.50156001715884,-0.04509486188521805,-0.026543642510079346,0
2025-07-03 13:46:00+00:00,NVDL,70.6199,70.67,70.525,70.67,45177.0,283.0,70.592639,70.48931666984691,70.51403705292485,-0.024720383077934116,-0.0261789906236503,0
2025-07-03 13:47:00+00:00,NVDL,70.68,70.97,70.68,70.93,57977.0,488.0,70.80611,70.55711410525508,70.54484912307856,0.012264982176517947,-0.01849019606361665,1
2025-07-03 13:48:00+00:00,NVDL,70.94,71.01,70.82,70.8412,84749.0,687.0,70.931859,70.60081962752353,70.56680103988755,0.03401858763598398,-0.007988439323696526,0
2025-07-03 13:49:00+00:00,NVDL,70.84,70.9162,70.77,70.86,42555.0,362.0,70.861937,70.64069353098145,70.58851948137736,0.052174049604090555,0.004044058461860891,0
2025-07-03 13:50:00+00:00,NVDL,70.87,70.93,70.67,70.68,46801.0,533.0,70.840961,70.64674068006123,70.59529581609014,0.05144486397108494,0.013524219563705702,0
2025-07-03 13:51:00+00:00,NVDL,70.65,70.88,70.44,70.88,87220.0,879.0,70.645547,70.68262672928257,70.61638501489828,0.06624171438429016,0.024067718527822596,0
2025-07-03 13:52:00+00:00,NVDL,70.86,70.948,70.56,70.591,62184.0,485.0,70.668991,70.66853030939295,70.61450464342434,0.05402566596860936,0.030059308015979953,0
2025-07-03 13:53:00+00:00,NVDL,70.55,70.65,70.481,70.65,25763.0,268.0,70.553175,70.66567949256327,70.61713392909661,0.048545563466660724,0.03375655910611611,0
2025-07-03 13:54:00+00:00,NVDL,70.64,70.75,70.6,70.705,68631.0,437.0,70.670634,70.6717288013997,70.6236425269413,0.04808627445839875,0.03662250217657263,0
2025-07-03 13:55:00+00:00,NVDL,70.6901,70.9056,70.6901,70.77,28501.0,289.0,70.843583,70.68684744733821,70.63448382124194,0.0523636260962661,0.03977072696051133,0
2025-07-03 13:56:00+00:00,NVDL,70.77,70.89,70.7237,70.83,24384.0,193.0,70.797222,70.70887091697848,70.64896650114996,0.05990441582852668,0.0437974647341144,0
2025-07-03 13:57:00+00:00,NVDL,70.83,70.975,70.83,70.95,33716.0,300.0,70.922972,70.74596769898179,70.67126527884255,0.07470242013923212,0.04997845581513795,0
2025-07-03 13:58:00+00:00,NVDL,70.92,71.0,70.86,70.865,84624.0,407.0,70.951135,70.76428036067689,70.6856159989283,0.07866436174859359,0.05571563700182908,0
2025-07-03 13:59:00+00:00,NVDL,70.8799,71.01,70.81,70.9,55534.0,452.0,70.980302,70.78516030518814,70.70149629530398,0.0836640098841599,0.061305311578295246,0
2025-07-03 14:00:00+00:00,NVDL,71.01,71.118,70.96,71.115,59304.0,478.0,71.059992,70.83590487362073,70.73212619935555,0.10377867426518605,0.06979998411567341,0
2025-07-03 14:01:00+00:00,NVDL,71.1099,71.15,71.0303,71.13,45344.0,434.0,71.10438,70.88115027767908,70.76159833273661,0.11955194494247223,0.07975037628103318,0
2025-07-03 14:02:00+00:00,NVDL,71.12,71.29,71.0101,71.1899,77842.0,814.0,71.168702,70.92865023495922,70.79332438216353,0.1353258527956882,0.09086547158396419,0
2025-07-03 14:03:00+00:00,NVDL,71.17,71.22,71.11,71.19,39527.0,396.0,71.182469,70.96885789111934,70.82270776126252,0.14615012985682085,0.10192240323853553,0
2025-07-03 14:04:00+00:00,NVDL,71.1876,71.1901,71.055,71.13,36055.0,376.0,71.134876,70.99364898479328,70.84547014931715,0.14817883547613064,0.11117368968605455,0
2025-07-03 14:05:00+00:00,NVDL,71.12,71.345,71.12,71.34,55328.0,552.0,71.272365,71.04693375636354,70.88210199010848,0.16483176625506246,0.12190530499985613,0
2025-07-03 14:06:00+00:00,NVDL,71.32,71.38,71.25,71.3695,45378.0,598.0,71.32431,71.0965593323076,70.91820554639675,0.1783537859108577,0.13319500118205646,0
2025-07-03 14:07:00+00:00,NVDL,71.36,71.5,71.355,71.4699,61933.0,738.0,71.440077,71.15399635810644,70.95907180221921,0.19492455588722635,0.14554091212309045,0
2025-07-03 14:08:00+00:00,NVDL,71.46,71.51,71.45,71.4959,61282.0,641.0,71.484487,71.20659691839776,70.99883685390668,0.20776006449108309,0.157984742596689,0
2025-07-03 14:09:00+00:00,NVDL,71.4699,71.68,71.46,71.6699,72658.0,726.0,71.54588,71.27787431556735,71.04854523509877,0.22932908046857392,0.172253610171066,0
2025-07-03 14:10:00+00:00,NVDL,71.67,71.88,71.67,71.74,101266.0,1092.0,71.784684,71.34897057471083,71.09976410657293,0.24920646813789915,0.18764418176443262,0
2025-07-03 14:11:00+00:00,NVDL,71.75,71.77,71.67,71.72,37820.0,429.0,71.708405,71.40605202475531,71.14570750608605,0.2603445186692568,0.20218424914539748,0
2025-07-03 14:12:00+00:00,NVDL,71.75,71.85,71.75,71.8,54357.0,511.0,71.806004,71.46665940556218,71.19417361674634,0.2724857888158425,0.21624455707948648,0
2025-07-03 14:13:00+00:00,NVDL,71.797,71.92,71.77,71.878,54480.0,618.0,71.851666,71.52994257393723,71.24482742291327,0.2851151510239589,0.23001867586838098,0
2025-07-03 14:14:00+00:00,NVDL,71.87,71.905,71.6725,71.74,107464.0,678.0,71.815013,71.56225910102381,71.28150687306784,0.280752227955972,0.2401653862858992,0
2025-07-03 14:15:00+00:00,NVDL,71.75,71.865,71.74,71.86,51394.0,407.0,71.783018,71.60806539317399,71.32435821580356,0.28370717737043094,0.24887374450280556,0
2025-07-03 14:16:00+00:00,NVDL,71.875,71.88,71.73,71.8499,25894.0,360.0,71.797456,71.64527071730106,71.36328723685514,0.28198348044591626,0.2554956916914277,0
2025-07-03 14:17:00+00:00,NVDL,71.83,71.885,71.6803,71.855,50677.0,609.0,71.794845,71.6775367607932,71.39971040449551,0.2778263562976946,0.25996182461268114,0
2025-07-03 14:18:00+00:00,NVDL,71.86,71.94,71.85,71.92,87407.0,610.0,71.887126,71.71483879759424,71.43825037453287,0.2765884230613693,0.2632871443024188,0
2025-07-03 14:19:00+00:00,NVDL,71.93,71.99,71.88,71.98,70768.0,703.0,71.946823,71.75563282873358,71.47837997641932,0.27725285231426255,0.26608028590478755,0
2025-07-03 14:20:00+00:00,NVDL,71.98,72.26,71.93,72.24,305590.0,2795.0,72.040996,71.83015085508225,71.53479627446234,0.2953545806199145,0.27193514484781295,0
2025-07-03 14:21:00+00:00,NVDL,72.24,72.4793,72.2,72.41,101148.0,1048.0,72.378175,71.91935841583883,71.59962618005773,0.3197322357811032,0.281494563034471,0
2025-07-03 14:22:00+00:00,NVDL,72.42,72.63,72.35,72.61,149556.0,1191.0,72.49064,72.02561096724824,71.67446868523864,0.3511422820096044,0.2954241068294977,0
2025-07-03 14:23:00+00:00,NVDL,72.62,72.71,72.41,72.5401,84164.0,814.0,72.598454,72.10476312613312,71.73858952336911,0.36617360276400746,0.30957400601639967,0
2025-07-03 14:24:00+00:00,NVDL,72.5601,72.88,72.5424,72.8768,76806.0,943.0,72.749492,72.22353802980496,71.82290141052695,0.40063661927800354,0.3277865286687205,0
2025-07-03 14:25:00+00:00,NVDL,72.8699,72.88,72.7201,72.76,83900.0,766.0,72.802374,72.30607064060419,71.89231612085828,0.4137545197459076,0.3449801268841579,0
2025-07-03 14:26:00+00:00,NVDL,72.74,72.9,72.69,72.8,79893.0,782.0,72.81227,72.38205977281893,71.95955196375768,0.4225078090612584,0.360485663319578,0
2025-07-03 14:27:00+00:00,NVDL,72.8208,72.84,72.68,72.737,38301.0,489.0,72.749488,72.43666596161603,72.01714070718303,0.4195252544329975,0.3722935815422619,0
2025-07-03 14:28:00+00:00,NVDL,72.74,72.74,72.5746,72.6101,87628.0,751.0,72.634881,72.4633481213674,72.06106361776207,0.40228450360532975,0.37829176595487546,0
2025-07-03 14:29:00+00:00,NVDL,72.6,72.79,72.49,72.59,52055.0,587.0,72.636506,72.48283302577242,72.10024409052045,0.3825889352519738,0.3791511998142951,0
2025-07-03 14:30:00+00:00,NVDL,72.58,72.63,72.43,72.5224,73956.0,799.0,72.525295,72.48892025257666,72.13151489863006,0.35740535394660355,0.37480203064075684,-1
2025-07-03 14:31:00+00:00,NVDL,72.5,72.6795,72.445,72.5598,47110.0,486.0,72.588491,72.49982482910332,72.16323972095375,0.33658510814956344,0.3671586461425182,0
2025-07-03 14:32:00+00:00,NVDL,72.565,72.62,72.41,72.4224,62594.0,512.0,72.514601,72.48791331693357,72.18243677866089,0.3054765382726856,0.3548222245685517,0
2025-07-03 14:33:00+00:00,NVDL,72.412,72.412,72.24,72.261,85159.0,642.0,72.328744,72.45300357586686,72.18825627653786,0.2647472993290023,0.33680723952064184,0
2025-07-03 14:34:00+00:00,NVDL,72.26,72.4899,72.18,72.47,63255.0,698.0,72.382951,72.45561841034888,72.2091261819795,0.24649222836937668,0.3187442372903888,0
2025-07-03 14:35:00+00:00,NVDL,72.47,72.69,72.47,72.68,89713.0,707.0,72.641653,72.49013865491058,72.24400572405509,0.24613293085549515,0.3042219760034101,0
2025-07-03 14:36:00+00:00,NVDL,72.7,72.76,72.59,72.68,40708.0,432.0,72.667226,72.51934809261664,72.2763015963473,0.2430464962693435,0.2919868800565968,0
2025-07-03 14:37:00+00:00,NVDL,72.69,72.75,72.61,72.6402,20365.0,231.0,72.665134,72.53794069375255,72.3032570336549,0.23468366009764452,0.28052623606480637,0
2025-07-03 14:38:00+00:00,NVDL,72.6647,72.73,72.43,72.4301,43915.0,376.0,72.587758,72.52134981779062,72.31265280893972,0.2086970088509048,0.26616039062202607,0
2025-07-03 14:39:00+00:00,NVDL,72.4206,72.44,72.27,72.31,32293.0,387.0,72.366402,72.48883446120745,72.31245630457381,0.176378156633632,0.24820394382434727,0
2025-07-03 14:40:00+00:00,NVDL,72.33,72.36,72.21,72.25,53218.0,404.0,72.250039,72.45209069794477,72.30782991164241,0.14426078630235395,0.22741531231994863,0
2025-07-03 14:41:00+00:00,NVDL,72.24,72.27,72.0808,72.11,135056.0,1231.0,72.158644,72.39946135979942,72.29317584411335,0.10628551568606781,0.20318935299317248,0
2025-07-03 14:42:00+00:00,NVDL,72.11,72.16,72.07,72.0901,38895.0,328.0,72.127458,72.35186730444566,72.27813318899385,0.07373411545181341,0.17729830548490066,0
2025-07-03 14:43:00+00:00,NVDL,72.1,72.22,72.04,72.08,38527.0,388.0,72.119344,72.31004156530018,72.2634566564758,0.04658490882438571,0.15115562615279768,0
2025-07-03 14:44:00+00:00,NVDL,72.0803,72.11,71.96,71.98,53017.0,538.0,72.019333,72.25926593986938,72.24245986710721,0.01680607276216506,0.12428571547467117,0
2025-07-03 14:45:00+00:00,NVDL,71.97,72.1,71.96,72.06,38255.0,396.0,72.006407,72.22860964142794,72.22894432139556,-0.0003346799676222645,0.0993616363862125,0
2025-07-03 14:46:00+00:00,NVDL,72.06,72.0707,71.89,71.98,34883.0,332.0,71.945818,72.19036200428518,72.21050400129218,-0.020141997007002033,0.0754609097075696,0
2025-07-03 14:47:00+00:00,NVDL,71.97,71.99,71.7324,71.7403,37209.0,349.0,71.858851,72.12112169593361,72.17567407527054,-0.05455237933692558,0.04945825189867057,0
2025-07-03 14:48:00+00:00,NVDL,71.77,71.879,71.75,71.7788,97701.0,382.0,71.818235,72.06845681963613,72.14627599562085,-0.07781917598472887,0.02400276632199068,0
2025-07-03 14:49:00+00:00,NVDL,71.7601,71.7601,71.66,71.7,63331.0,316.0,71.687717,72.01177115507673,72.11321851446377,-0.10144735938703775,-0.0010872588198150082,0
2025-07-03 14:50:00+00:00,NVDL,71.7001,71.85,71.68,71.82,22192.0,258.0,71.776296,71.98226790044954,72.09149862450349,-0.10923072405394407,-0.022715951866640823,0
2025-07-03 14:51:00+00:00,NVDL,71.8,71.8,71.55,71.55,42549.0,386.0,71.637599,71.91576514653423,72.051387615281,-0.13562246874677442,-0.04529725524266755,0
2025-07-03 14:52:00+00:00,NVDL,71.56,71.63,71.47,71.5626,117428.0,530.0,71.536982,71.86143204706742,72.01518112526018,-0.15374907819276018,-0.06698761983268608,0
2025-07-03 14:53:00+00:00,NVDL,71.58,71.72,71.58,71.58,53687.0,488.0,71.678067,71.81813480905704,71.98294548635202,-0.16481067729498022,-0.08655223132514492,0
2025-07-03 14:54:00+00:00,NVDL,71.6,71.7445,71.5603,71.7334,18858.0,244.0,71.683505,71.80509868458672,71.96446063551113,-0.15936195092440641,-0.10111417524499722,0
2025-07-03 14:55:00+00:00,NVDL,71.74,71.89,71.72,71.777,73446.0,364.0,71.818138,71.80077581003492,71.9505746625103,-0.14979885247538505,-0.11085111069107478,0
2025-07-03 14:56:00+00:00,NVDL,71.82,71.9,71.78,71.8599,39796.0,258.0,71.866904,71.80987183926032,71.94385802084287,-0.13398618158254294,-0.11547812486936841,0
2025-07-03 14:57:00+00:00,NVDL,71.85,71.85,71.75,71.79,17475.0,199.0,71.800501,71.80681463322027,71.93246113041006,-0.12564649718979126,-0.11751179933345299,0
2025-07-03 14:58:00+00:00,NVDL,71.78,71.805,71.73,71.8003,16629.0,180.0,71.765134,71.8058123819556,71.92267141704636,-0.11685903509075501,-0.1173812464849134,0
2025-07-03 14:59:00+00:00,NVDL,71.78,71.8,71.71,71.8,37150.0,264.0,71.745467,71.80491816934705,71.9135846454133,-0.10866647606624724,-0.11563829240118016,1
2025-07-03 15:00:00+00:00,NVDL,71.8,71.9091,71.71,71.7199,29012.0,228.0,71.796511,71.79183845098596,71.89923763464193,-0.10739918365597134,-0.11399047065213841,0
2025-07-03 15:01:00+00:00,NVDL,71.76,71.85,71.7,71.82,12978.0,162.0,71.787272,71.79617099698812,71.893368180224,-0.09719718323587756,-0.11063181316888625,0
2025-07-03 15:02:00+00:00,NVDL,71.8001,71.8001,71.72,71.77,17150.0,173.0,71.754796,71.79214468975918,71.8842297965037,-0.09208510674451986,-0.10692247188401297,0
2025-07-03 15:03:00+00:00,NVDL,71.75,71.77,71.58,71.58,35296.0,392.0,71.636474,71.75950704518084,71.86169425602195,-0.10218721084110882,-0.10597541967543214,0
2025-07-03 15:04:00+00:00,NVDL,71.55,71.55,71.371,71.4102,84150.0,352.0,71.445962,71.7057674997684,71.82825023705736,-0.12248273728896208,-0.10927688319813814,-1
2025-07-03 15:05:00+00:00,NVDL,71.37,71.5,71.32,71.39,59043.0,423.0,71.393956,71.65718788441941,71.7957872565346,-0.13859937211518059,-0.11514138098154664,0
2025-07-03 15:06:00+00:00,NVDL,71.42,71.62,71.41,71.605,19860.0,196.0,71.490845,71.64915897912412,71.78165486716166,-0.1324958880375391,-0.11861228239274514,0
2025-07-03 15:07:00+00:00,NVDL,71.59,71.65,71.53,71.55,33283.0,311.0,71.574268,71.63390375156656,71.76449524737191,-0.1305914958053478,-0.12100812507526568,0
2025-07-03 15:08:00+00:00,NVDL,71.56,71.73,71.55,71.68,60105.0,392.0,71.645637,71.64099548209478,71.75823634015917,-0.11724085806439177,-0.1202546716730909,0
2025-07-03 15:09:00+00:00,NVDL,71.69,71.72,71.55,71.5799,23750.0,258.0,71.648968,71.63159617715712,71.74502624088812,-0.11343006373100195,-0.11888975008467312,1
2025-07-03 15:10:00+00:00,NVDL,71.58,71.69,71.58,71.685,18076.0,182.0,71.630496,71.63981214990218,71.74057985267419,-0.10076770277200353,-0.11526534062213921,0
2025-07-03 15:11:00+00:00,NVDL,71.68,71.76,71.67,71.735,25656.0,328.0,71.72288,71.65445643453262,71.74016653025389,-0.08571009572126798,-0.10935429164196497,0
2025-07-03 15:12:00+00:00,NVDL,71.74,71.745,71.65,71.7,20962.0,254.0,71.703337,71.66146313691222,71.73719123171657,-0.07572809480434728,-0.10262905227444144,0
2025-07-03 15:13:00+00:00,NVDL,71.7,71.78,71.68,71.7401,21237.0,231.0,71.734844,71.6735611158488,71.73740669603386,-0.0638455801850597,-0.0948723578565651,0
2025-07-03 15:14:00+00:00,NVDL,71.75,71.775,71.65,71.67,23701.0,284.0,71.715459,71.67301325187205,71.73241360743876,-0.05940035556670864,-0.08777795739859381,0
2025-07-03 15:15:00+00:00,NVDL,71.6711,71.68,71.595,71.625,16560.0,233.0,71.637407,71.66562659773788,71.72445704392477,-0.05883044618688871,-0.0819884551562528,0
2025-07-03 15:16:00+00:00,NVDL,71.6113,71.65,71.55,71.57,21086.0,224.0,71.5836,71.65091481347052,71.71301578141183,-0.06210096794130493,-0.07801095771326323,0
2025-07-03 15:17:00+00:00,NVDL,71.575,71.635,71.494,71.635,13246.0,218.0,71.543521,71.6484663806289,71.70723683464058,-0.05877045401167891,-0.07416285697294636,0
2025-07-03 15:18:00+00:00,NVDL,71.65,71.7,71.58,71.7,21910.0,183.0,71.608297,71.65639462976291,71.70670077281537,-0.05030614305245251,-0.06939151418884759,0
2025-07-03 15:19:00+00:00,NVDL,71.705,71.73,71.5,71.5,40040.0,368.0,71.622016,71.6323339174917,71.69138960445866,-0.059055686966956955,-0.06732434874446946,0
2025-07-03 15:20:00+00:00,NVDL,71.49,71.62,71.46,71.61,31529.0,284.0,71.520566,71.62889793018529,71.68536074486913,-0.05646281468384018,-0.06515204193234361,0
2025-07-03 15:21:00+00:00,NVDL,71.6102,71.66,71.59,71.595,12629.0,196.0,71.626848,71.62368286400294,71.6786673563603,-0.05498449235734881,-0.06311853201734466,0
2025-07-03 15:22:00+00:00,NVDL,71.61,71.82,71.585,71.775,38303.0,367.0,71.74494,71.64696242338711,71.68580310774101,-0.0388406843539002,-0.05826296248465577,0
2025-07-03 15:23:00+00:00,NVDL,71.79,71.8,71.67,71.74,17644.0,191.0,71.738204,71.66127589671217,71.68981769235279,-0.02854179564062065,-0.05231872911584875,0
2025-07-03 15:24:00+00:00,NVDL,71.73,71.7999,71.67,71.79,25320.0,249.0,71.730287,71.6810796049103,71.69723860403036,-0.016158999120065687,-0.04508678311669214,0
2025-07-03 15:25:00+00:00,NVDL,71.795,71.945,71.7897,71.945,46425.0,467.0,71.872711,71.72168274261641,71.71559130002811,0.006091442588299856,-0.034851137975693745,0
2025-07-03 15:26:00+00:00,NVDL,71.95,72.02,71.84,71.8695,59986.0,526.0,71.947106,71.74442385913696,71.72699194447047,0.017431914666488524,-0.024394527447257293,0
2025-07-03 15:27:00+00:00,NVDL,71.86,71.86,71.73,71.7699,28514.0,151.0,71.78954,71.74834326542359,71.73017031895414,0.018172946469448448,-0.015881032663916144,0
2025-07-03 15:28:00+00:00,NVDL,71.79,71.81,71.69,71.75,12492.0,185.0,71.754241,71.74859814766612,71.73163918421679,0.016958963449326347,-0.009313033441267646,0
2025-07-03 15:29:00+00:00,NVDL,71.74,71.8966,71.73,71.87,21703.0,167.0,71.839715,71.76727535571749,71.74188813353406,0.025387222183425706,-0.002372982316328975,0
2025-07-03 15:30:00+00:00,NVDL,71.88,71.89,71.83,71.87,16603.0,179.0,71.867205,71.78307914714557,71.75137790142043,0.0317012457251451,0.004441863291965839,0
2025-07-03 15:31:00+00:00,NVDL,71.8634,71.96,71.85,71.93,23728.0,191.0,71.919842,71.80568235527703,71.76460916798187,0.04107318729515441,0.011768128092603554,0
2025-07-03 15:32:00+00:00,NVDL,71.905,71.9086,71.87,71.87,13938.0,124.0,71.882814,71.8155773775421,71.77241589627951,0.043161481262586676,0.01804679872660018,0
2025-07-03 15:33:00+00:00,NVDL,71.9,71.99,71.9,71.928,13213.0,112.0,71.945381,71.83287316561254,71.78394064470325,0.04893252090928968,0.02422394316313808,0
2025-07-03 15:34:00+00:00,NVDL,71.9,71.94,71.8,71.8212,21197.0,139.0,71.847603,71.83107729397985,71.78670059694745,0.044376697032390666,0.028254493936988596,0
2025-07-03 15:35:00+00:00,NVDL,71.8,71.85,71.78,71.83,17579.0,105.0,71.816638,71.83091155644448,71.78990796013653,0.041003596307945145,0.03080431441117991,0
2025-07-03 15:36:00+00:00,NVDL,71.84,71.95,71.84,71.92,11904.0,180.0,71.911485,71.84461747083763,71.79954440753383,0.04507306330380345,0.033658064189704615,0
2025-07-03 15:37:00+00:00,NVDL,71.92,71.9399,71.87,71.9308,5472.0,71.0,71.921233,71.857876321478,71.8092670440128,0.048609277465203604,0.03664830684480441,0
2025-07-03 15:38:00+00:00,NVDL,71.93,71.9899,71.86,71.9899,29078.0,167.0,71.944772,71.87818765663523,71.82264726297481,0.05554039366042218,0.04042672420792797,0
2025-07-03 15:39:00+00:00,NVDL,71.9916,72.015,71.9,71.9,56091.0,366.0,71.978311,71.88154340176828,71.82837709534705,0.053166306421232434,0.04297464065058886,0
2025-07-03 15:40:00+00:00,NVDL,71.91,71.94,71.8999,71.94,17618.0,135.0,71.919355,71.89053672457317,71.83664545865467,0.05389126591849447,0.04515796570416998,0
2025-07-03 15:41:00+00:00,NVDL,71.945,71.985,71.94,71.9658,25536.0,233.0,71.962918,71.90211569002345,71.84621246171729,0.05590322830616401,0.047307018224568786,0
2025-07-03 15:42:00+00:00,NVDL,71.98,72.0,71.9597,71.98,12873.0,158.0,71.989925,71.9140978915583,71.85612264973823,0.057975241820074075,0.04944066294366985,0
2025-07-03 15:43:00+00:00,NVDL,71.9899,71.9899,71.855,71.875,18664.0,192.0,71.922601,71.90808283131857,71.85752097197984,0.050561859338728254,0.04966490222268154,-1
2025-07-03 15:44:00+00:00,NVDL,71.85,71.8706,71.8292,71.86,10913.0,134.0,71.855063,71.90068547265417,71.85770460368504,0.04298086896913844,0.04832809557197292,0
2025-07-03 15:45:00+00:00,NVDL,71.85,71.85,71.6901,71.7201,30937.0,221.0,71.761391,71.87290309224583,71.84751167007875,0.025391422167089672,0.04374076089099627,0
2025-07-03 15:46:00+00:00,NVDL,71.73,71.7598,71.62,71.64,28005.0,223.0,71.694574,71.83707184728493,71.8321404352581,0.0049314120268348915,0.035978891118164,0
2025-07-03 15:47:00+00:00,NVDL,71.66,71.7384,71.6301,71.72,11891.0,116.0,71.697068,71.81906079385648,71.8238337363501,-0.004772942493616483,0.0278285243958079,0
2025-07-03 15:48:00+00:00,NVDL,71.73,71.82,71.73,71.76,20281.0,172.0,71.80384,71.80997451787856,71.81910531143528,-0.009130793556721528,0.02043666080530202,0
2025-07-03 15:49:00+00:00,NVDL,71.78,71.78,71.725,71.7331,14168.0,101.0,71.748043,71.79814766897417,71.81273454762525,-0.014586878651087432,0.013431952914024128,0
2025-07-03 15:50:00+00:00,NVDL,71.74,71.7453,71.66,71.68,12520.0,178.0,71.686717,71.7799711045166,71.80290235891226,-0.02293125439565813,0.006159311452087676,0
2025-07-03 15:51:00+00:00,NVDL,71.6901,71.71,71.63,71.65,16101.0,129.0,71.659431,71.7599755499756,71.79157625825209,-0.031600708276499745,-0.001392692493629808,0
2025-07-03 15:52:00+00:00,NVDL,71.6629,71.6629,71.54,71.5888,19641.0,173.0,71.573893,71.73364084997935,71.77655579467786,-0.042914944698509316,-0.00969714293460571,0
2025-07-03 15:53:00+00:00,NVDL,71.58,71.61,71.57,71.59,9232.0,97.0,71.579875,71.71154225767484,71.76273684692394,-0.051194589249107025,-0.017996632197505975,0
2025-07-03 15:54:00+00:00,NVDL,71.555,71.5799,71.48,71.5199,22163.0,138.0,71.525855,71.68205883341717,71.74474893233699,-0.06269009891981625,-0.026935325541968032,0
2025-07-03 15:55:00+00:00,NVDL,71.54,71.59,71.54,71.585,29135.0,253.0,71.581371,71.66712670519914,71.7329156780898,-0.06578897289065821,-0.034706055011706066,0
2025-07-03 15:56:00+00:00,NVDL,71.59,71.68,71.57,71.63,36199.0,324.0,71.600888,71.66141490439927,71.72529229452758,-0.06387739012831162,-0.04054032203502718,0
2025-07-03 15:57:00+00:00,NVDL,71.62,71.62,71.49,71.5301,18091.0,152.0,71.535027,71.64121261141476,71.71083360604406,-0.06962099462930382,-0.046356456553882514,0
2025-07-03 15:58:00+00:00,NVDL,71.512,71.5313,71.435,71.45,9527.0,131.0,71.485095,71.61179528658172,71.69151259818895,-0.07971731160722584,-0.05302862756455118,0
2025-07-03 15:59:00+00:00,NVDL,71.44,71.483,71.44,71.46,7770.0,117.0,71.464867,71.58844216556915,71.67436351684162,-0.08592135127247502,-0.05960717230613595,0
2025-07-03 16:00:00+00:00,NVDL,71.5,71.63,71.5,71.63,24037.0,209.0,71.59384,71.59483567855851,71.6710773304089,-0.07624165185039544,-0.06293406821498784,0
2025-07-03 16:01:00+00:00,NVDL,71.62,71.6651,71.6,71.65,25645.0,157.0,71.638598,71.60332249724182,71.66951604667491,-0.06619354943309474,-0.06358596445860923,0
2025-07-03 16:02:00+00:00,NVDL,71.65,71.65,71.64,71.65,8087.0,81.0,71.649512,71.6105036515123,71.66807041358788,-0.05756676207558087,-0.06238212398200356,0
2025-07-03 16:03:00+00:00,NVDL,71.6599,71.66,71.6199,71.64,10077.0,116.0,71.635762,71.61504155127963,71.66599112369249,-0.050949572412861244,-0.0600956136681751,0
2025-07-03 16:04:00+00:00,NVDL,71.62,71.65,71.55,71.573,14794.0,195.0,71.600869,71.60857362031354,71.65910289230787,-0.050529271994335545,-0.058182345333407194,0
2025-07-03 16:05:00+00:00,NVDL,71.59,71.6,71.5201,71.59,13377.0,93.0,71.557184,71.6057161402653,71.65398415954432,-0.048268019279021246,-0.05619948012253001,0
2025-07-03 16:06:00+00:00,NVDL,71.5901,71.64,71.58,71.59,13885.0,113.0,71.608314,71.60329827253219,71.64924459217067,-0.04594631963848883,-0.05414884802572178,0
2025-07-03 16:07:00+00:00,NVDL,71.59,71.62,71.59,71.62,5918.0,69.0,71.613001,71.6058677690657,71.64707832608396,-0.041210557018260374,-0.0515611898242295,0
2025-07-03 16:08:00+00:00,NVDL,71.62,71.685,71.62,71.668,15076.0,131.0,71.665113,71.61542657382482,71.64862807970738,-0.03320150588255899,-0.0478892530358954,0
2025-07-03 16:09:00+00:00,NVDL,71.66,71.6701,71.605,71.6399,17944.0,129.0,71.639432,71.61919171631331,71.64798155528462,-0.02878983897130638,-0.0440693702229776,0
2025-07-03 16:10:00+00:00,NVDL,71.65,71.66,71.55,71.605,6418.0,113.0,71.625028,71.61700837534202,71.64479773637466,-0.027789361032631632,-0.040813368384908406,0
2025-07-03 16:11:00+00:00,NVDL,71.6,71.61,71.575,71.6065,6599.0,77.0,71.598231,71.61539170221248,71.64196086701358,-0.02656916480110283,-0.03796452766814729,0
2025-07-03 16:12:00+00:00,NVDL,71.6,71.64,71.59,71.6001,5979.0,94.0,71.611364,71.61303913264132,71.63886006204962,-0.02582092940829739,-0.03553580801617731,0
2025-07-03 16:13:00+00:00,NVDL,71.61,71.7501,71.6,71.66,38109.0,429.0,71.669848,71.62026388146573,71.64042598337927,-0.02016210191354162,-0.032461066795650174,0
2025-07-03 16:14:00+00:00,NVDL,71.7,71.74,71.6963,71.7,16211.0,86.0,71.717641,71.63253097662485,71.64483887349934,-0.012307896874489188,-0.028430432811417976,0
2025-07-03 16:15:00+00:00,NVDL,71.71,71.76,71.59,71.592,18541.0,184.0,71.684752,71.62629544175948,71.64092488286975,-0.014629441110272978,-0.025670234471188977,0
2025-07-03 16:16:00+00:00,NVDL,71.6094,71.615,71.5654,71.615,8229.0,77.0,71.598035,71.6245576814888,71.6390045211757,-0.014446839686911517,-0.023425555514333486,0
2025-07-03 16:17:00+00:00,NVDL,71.62,71.65,71.61,71.65,21234.0,263.0,71.624887,71.62847188433668,71.63981900108863,-0.011347116751949216,-0.02100986776185663,0
2025-07-03 16:18:00+00:00,NVDL,71.64,71.695,71.64,71.64,4547.0,79.0,71.657458,71.63024544059257,71.6398324084154,-0.009586967822826864,-0.018725287774050678,0
2025-07-03 16:19:00+00:00,NVDL,71.642,71.65,71.59,71.609,8567.0,122.0,71.623543,71.62697691127065,71.63754852631055,-0.010571615039907556,-0.017094553227222056,0
2025-07-03 16:20:00+00:00,NVDL,71.6,71.61,71.49,71.55,16372.0,209.0,71.537035,71.6151343095367,71.63106345028754,-0.015929140750841952,-0.016861470731946035,0
2025-07-03 16:21:00+00:00,NVDL,71.57,71.61,71.55,71.6,7048.0,110.0,71.586173,71.61280595422336,71.62876245396994,-0.01595649974657931,-0.01668047653487269,0
2025-07-03 16:22:00+00:00,NVDL,71.6,71.67,71.6,71.6693,4844.0,86.0,71.622726,71.62149734588131,71.63176523515736,-0.010267889276050823,-0.015397959083108318,0
2025-07-03 16:23:00+00:00,NVDL,71.65,71.7,71.6401,71.6401,13386.0,119.0,71.674491,71.6243592926688,71.63238262514571,-0.008023332476909673,-0.01392303376186859,0
2025-07-03 16:24:00+00:00,NVDL,71.6499,71.65,71.55,71.5501,9875.0,100.0,71.603093,71.61293478610438,71.62628761587565,-0.013352829771278607,-0.013808992963750594,0
2025-07-03 16:25:00+00:00,NVDL,71.595,71.63,71.56,71.6292,7406.0,104.0,71.591136,71.61543712670371,71.62650334803301,-0.011066221329301129,-0.013260438636860702,0
2025-07-03 16:26:00+00:00,NVDL,71.61,71.66,71.61,71.64,5664.0,79.0,71.643369,71.61921603028776,71.62750310003057,-0.008287069742806352,-0.012265764858049834,0
2025-07-03 16:27:00+00:00,NVDL,71.64,71.71,71.64,71.6543,13837.0,123.0,71.667817,71.62461356408964,71.62948805558385,-0.004874491494206268,-0.010787510185281122,0
2025-07-03 16:28:00+00:00,NVDL,71.66,71.66,71.5785,71.5785,8693.0,97.0,71.621404,71.61751916961431,71.62571116257764,-0.00819199296333295,-0.010268406740891488,0
2025-07-03 16:29:00+00:00,NVDL,71.58,71.58,71.4604,71.47,14021.0,144.0,71.518448,71.59482391275057,71.61417700238671,-0.019353089636140908,-0.012085343319941372,0
2025-07-03 16:30:00+00:00,NVDL,71.4901,71.5,71.41,71.4212,49794.0,616.0,71.445806,71.56811254155818,71.59988240961734,-0.0317698680591576,-0.01602224826778462,0
2025-07-03 16:31:00+00:00,NVDL,71.4,71.4,71.3001,71.35,36673.0,393.0,71.355857,71.53455676593384,71.58137260149753,-0.04681583556369162,-0.02218096572696602,0
2025-07-03 16:32:00+00:00,NVDL,71.355,71.39,71.2745,71.2745,44080.0,260.0,71.306807,71.49454803271325,71.5586412976829,-0.0640932649696424,-0.030563425575501298,0
2025-07-03 16:33:00+00:00,NVDL,71.25,71.32,71.19,71.3,34773.0,289.0,71.274897,71.46461756614198,71.53948268303972,-0.07486511689774034,-0.03942376383994911,0
2025-07-03 16:34:00+00:00,NVDL,71.33,71.36,71.26,71.26,10366.0,149.0,71.297497,71.43313794058167,71.51878026207382,-0.0856423214921449,-0.04866747537038828,0
2025-07-03 16:35:00+00:00,NVDL,71.28,71.3598,71.2512,71.3,28317.0,230.0,71.291966,71.41265518049218,71.50257431673501,-0.08991913624282688,-0.056917807544876,0
2025-07-03 16:36:00+00:00,NVDL,71.31,71.32,71.24,71.26,10339.0,95.0,71.305917,71.38916976810877,71.48460584882872,-0.09543608071994925,-0.06462146217989065,0
2025-07-03 16:37:00+00:00,NVDL,71.2508,71.29,71.23,71.28,28605.0,200.0,71.259834,71.37237441916896,71.4694498600266,-0.09707544085763686,-0.0711122579154399,0
2025-07-03 16:38:00+00:00,NVDL,71.2999,71.3399,71.2814,71.318,10231.0,119.0,71.313315,71.3640091239122,71.45823135187648,-0.09422222796428059,-0.07573425192520805,0
2025-07-03 16:39:00+00:00,NVDL,71.33,71.42,71.2342,71.2342,20686.0,177.0,71.304082,71.34403848946417,71.44163643692266,-0.09759794745849604,-0.08010699103186565,0
2025-07-03 16:40:00+00:00,NVDL,71.24,71.33,71.21,71.32,14129.0,185.0,71.270696,71.34034026031583,71.43262633048394,-0.09228607016811452,-0.08254280685911543,0
2025-07-03 16:41:00+00:00,NVDL,71.36,71.37,71.33,71.37,12149.0,92.0,71.347517,71.34490329719031,71.42798734304068,-0.0830840458503701,-0.08265105465736637,0
2025-07-03 16:42:00+00:00,NVDL,71.38,71.39,71.28,71.29,13150.0,139.0,71.347138,71.33645663608411,71.417766058371,-0.08130942228689264,-0.08238272818327162,0
2025-07-03 16:43:00+00:00,NVDL,71.29,71.33,71.27,71.2999,6167.0,73.0,71.297137,71.33083253822501,71.40903523923241,-0.0782027010073989,-0.08154672274809709,0
2025-07-03 16:44:00+00:00,NVDL,71.2799,71.31,71.1201,71.15,32735.0,289.0,71.205748,71.30301214772885,71.38984744373371,-0.08683529600486395,-0.08260443739945048,0
2025-07-03 16:45:00+00:00,NVDL,71.17,71.19,71.05,71.1,25712.0,252.0,71.102492,71.27177950961672,71.36837726271641,-0.09659775309968666,-0.0854031005394977,0
2025-07-03 16:46:00+00:00,NVDL,71.09,71.11,70.95,70.98,38901.0,404.0,71.007847,71.22689035429107,71.33960857658927,-0.11271822229819861,-0.09086612489123788,0
2025-07-03 16:47:00+00:00,NVDL,70.98,71.0001,70.88,70.99,25709.0,254.0,70.934941,71.19044568440015,71.31371164499006,-0.12326596058991868,-0.09734609203097405,0
2025-07-03 16:48:00+00:00,NVDL,71.0,71.07,70.87,70.9823,35876.0,218.0,70.989631,71.15842327141551,71.28916263425006,-0.13073936283454657,-0.10402474619168856,0
2025-07-03 16:49:00+00:00,NVDL,70.998,71.01,70.89,70.89,18407.0,159.0,70.950625,71.11712738350543,71.25959503171302,-0.14246764820758528,-0.1117133265948679,0
2025-07-03 16:50:00+00:00,NVDL,70.935,71.21,70.935,71.0719,56690.0,486.0,71.079965,71.1101693245046,71.24569169603058,-0.13552237152597968,-0.11647513558109027,0
2025-07-03 16:51:00+00:00,NVDL,71.06,71.06,70.8825,70.8825,42252.0,249.0,70.948774,71.07514327458081,71.21878860743571,-0.1436453328549021,-0.12190917503585265,0
2025-07-03 16:52:00+00:00,NVDL,70.85,70.9165,70.78,70.88,37576.0,376.0,70.857127,71.0451212323376,71.19369315503307,-0.14857192269546715,-0.12724172456777555,0
2025-07-03 16:53:00+00:00,NVDL,70.88,71.0101,70.832,70.95,21377.0,245.0,70.936498,71.03048719659336,71.17564181021581,-0.1451546136224522,-0.1308243023787109,0
2025-07-03 16:54:00+00:00,NVDL,70.97,71.0501,70.94,71.045,21193.0,201.0,71.010078,71.032719935579,71.16596463908871,-0.1332447035097175,-0.13130838260491223,0
2025-07-03 16:55:00+00:00,NVDL,71.1,71.205,71.0342,71.18,22281.0,213.0,71.139072,71.05537840702839,71.16700429545251,-0.11162588842412902,-0.1273718837687556,0
2025-07-03 16:56:00+00:00,NVDL,71.18,71.25,71.1599,71.25,31026.0,204.0,71.220371,71.08532019056248,71.173152125419,-0.08783193485650997,-0.1194638939863065,0
2025-07-03 16:57:00+00:00,NVDL,71.2507,71.33,71.24,71.33,28498.0,234.0,71.280116,71.12296323816825,71.18477048649908,-0.06180724833082252,-0.10793256485520972,0
2025-07-03 16:58:00+00:00,NVDL,71.328,71.4,71.328,71.385,15832.0,214.0,71.364292,71.16327658614237,71.19960230231396,-0.036325716171589306,-0.09361119511848563,0
2025-07-03 16:59:00+00:00,NVDL,71.38,71.49,71.3401,71.4,68352.0,713.0,71.414523,71.1996955728897,71.21444657621663,-0.014751003326935574,-0.07783915676017562,0
2025-07-03 17:00:00+00:00,NVDL,71.41,71.4884,71.27,71.3,5477.0,15.0,71.419442,71.21512702321436,71.22078386686725,-0.005656843652886323,-0.06340269413871777,0
2025-07-03 17:01:00+00:00,NVDL,71.31,71.4,71.3,71.3999,880.0,18.0,71.365297,71.24355363502754,71.2340517285808,0.009501906446743646,-0.048821774021625484,0
2025-07-03 17:02:00+00:00,NVDL,71.3,71.3999,71.3,71.34,3028.0,24.0,71.331807,71.258391537331,71.24189974868592,0.016491788645069505,-0.03575906148828649,0
2025-07-03 17:03:00+00:00,NVDL,71.3325,71.3325,71.32,71.32,1217.0,14.0,71.33,71.267869762357,71.24768495248696,0.020184809870031017,-0.02457028721662299,0
2025-07-03 17:04:00+00:00,NVDL,71.31,71.31,71.31,71.31,1044.0,35.0,71.31,71.274351337379,71.25230088193237,0.022050455446631645,-0.015246138683972066,0
2025-07-03 17:05:00+00:00,NVDL,71.31,71.3119,71.31,71.3119,695.0,13.0,71.311206,71.2801280547053,71.25671563141886,0.02341242328644455,-0.0075144262898887435,0
2025-07-03 17:06:00+00:00,NVDL,71.33,71.37,71.33,71.37,956.0,17.0,71.362729,71.29395450782756,71.26510706612856,0.028847441698999887,-0.00024205269211101735,0
2025-07-03 17:07:00+00:00,NVDL,71.37,71.37,71.3483,71.35,4186.0,31.0,71.356112,71.3025768912387,71.27139543160052,0.031181459638176534,0.006042649773946493,0
2025-07-03 17:08:00+00:00,NVDL,71.37,71.37,71.3,71.3,4789.0,29.0,71.304155,71.30218044643274,71.273514288519,0.02866615791374727,0.01056735140190665,0
2025-07-03 17:09:00+00:00,NVDL,71.35,71.4,71.35,71.39,13642.0,63.0,71.354255,71.31569114698155,71.28214285973982,0.03354828724172876,0.015163538569871071,0
2025-07-03 17:10:00+00:00,NVDL,71.35,71.35,71.33,71.35,6372.0,24.0,71.340316,71.3209694320613,71.2871693145739,0.033800117487402304,0.01889085435337732,0
2025-07-03 17:11:00+00:00,NVDL,71.33,71.35,71.3,71.3013,1044.0,18.0,71.315656,71.31794336559034,71.28821603201288,0.02972733357745483,0.02105815019819282,0
2025-07-03 17:13:00+00:00,NVDL,71.3,71.3,71.29,71.29,614.0,8.0,71.297821,71.31364438626875,71.2883481777897,0.025296208479048232,0.021905761854363902,0
2025-07-03 17:14:00+00:00,NVDL,71.35,71.35,71.31,71.31,1721.0,9.0,71.347204,71.31308371145818,71.28995201647194,0.023131694986233242,0.022150948480737773,0
2025-07-03 17:15:00+00:00,NVDL,71.29,71.29,71.28,71.28,508.0,10.0,71.285,71.30799390969538,71.28921483006661,0.018779079628771456,0.02147657471034451,0
2025-07-03 17:16:00+00:00,NVDL,71.3468,71.3468,71.3468,71.3468,192.0,4.0,71.3468,71.31396407743456,71.29348039820982,0.02048367922473915,0.02127799561322344,0
2025-07-03 17:17:00+00:00,NVDL,71.28,71.28,71.28,71.28,202.0,2.0,71.28,71.30873883475232,71.29248185019428,0.0162569845580407,0.020273793402186893,0
2025-07-03 17:18:00+00:00,NVDL,71.29,71.3,71.24,71.24,1063.0,9.0,71.278992,71.2981636294058,71.28859430573544,0.00956932367036245,0.018132899455822006,0
2025-07-03 17:19:00+00:00,NVDL,71.34,71.34,71.34,71.34,673.0,11.0,71.34,71.3045999941126,71.29240213494023,0.012197859172374592,0.016945891399132523,0
2025-07-03 17:20:00+00:00,NVDL,71.34,71.34,71.33,71.34,4079.0,13.0,71.335278,71.31004614886452,71.29592790272244,0.014118246142075463,0.01638036234772111,0
2025-07-03 17:21:00+00:00,NVDL,71.34,71.34,71.26,71.26,1733.0,12.0,71.299974,71.3023467413469,71.29326657659486,0.009080164752035103,0.014920322828583911,0
2025-07-03 17:22:00+00:00,NVDL,71.34,71.42,71.2605,71.2605,2913.0,24.0,71.384412,71.29590878113969,71.29083942277302,0.005069358366668553,0.01295012993620084,0
2025-07-03 17:23:00+00:00,NVDL,71.35,71.35,71.34,71.35,5346.0,18.0,71.34978,71.30423050711819,71.2952216877528,0.009008819365391219,0.012161867822038916,0
2025-07-03 17:24:00+00:00,NVDL,71.42,71.42,71.42,71.42,193.0,8.0,71.42,71.32204119833078,71.30446452569704,0.01757667263373719,0.013244828784378571,0
2025-07-03 17:25:00+00:00,NVDL,71.35,71.35,71.33,71.33,1424.0,12.0,71.335722,71.32326562935681,71.30635604231207,0.01690958704473644,0.013977780436450146,0
2025-07-03 17:28:00+00:00,NVDL,71.34,71.35,71.33,71.3312,6950.0,60.0,71.34605,71.32448630176346,71.30819633547414,0.016289966289321,0.014440217607024318,0
2025-07-03 17:29:00+00:00,NVDL,71.34,71.34,71.34,71.34,467.0,6.0,71.34,71.32687302456908,71.31055216247606,0.016320862093024857,0.014816346504224425,0
2025-07-03 17:30:00+00:00,NVDL,71.34,71.34,71.3,71.34,1156.0,15.0,71.333972,71.32889255925076,71.31273348377412,0.01615907547663653,0.015084892298706847,0
2025-07-03 17:31:00+00:00,NVDL,71.33,71.33,71.32,71.33,845.0,15.0,71.326667,71.32906293475065,71.31401248497605,0.015050449774605568,0.015078003793886591,0
2025-07-03 17:32:00+00:00,NVDL,71.34,71.34,71.34,71.34,188.0,3.0,71.34,71.33074556017363,71.31593748608894,0.014808074084683653,0.015024017852046006,0
2025-07-03 17:33:00+00:00,NVDL,71.34,71.34,71.3,71.3,1846.0,7.0,71.305208,71.32601547399307,71.31475693156383,0.011258542429231966,0.014270922767483197,0
2025-07-03 17:34:00+00:00,NVDL,71.3001,71.3001,71.3001,71.3001,822.0,5.0,71.3001,71.32202847799414,71.31367123292948,0.008357245064658514,0.013088187226918261,0
2025-07-03 17:35:00+00:00,NVDL,71.3051,71.3204,71.3051,71.3204,576.0,6.0,71.30816,71.32177794291812,71.31416966011989,0.007608282798230448,0.0119922063411807,0
2025-07-03 17:36:00+00:00,NVDL,71.35,71.35,71.35,71.35,493.0,16.0,71.35,71.32611979785379,71.31682375937027,0.009296038483526559,0.011452972769649872,0
2025-07-03 17:37:00+00:00,NVDL,71.3005,71.3005,71.3,71.3,1815.0,12.0,71.300464,71.32210136741475,71.31557755497246,0.006523812442281951,0.010467140704176288,0
2025-07-03 17:38:00+00:00,NVDL,71.26,71.26,71.19,71.21,3080.0,34.0,71.226557,71.30485500319709,71.30775699534487,-0.0029019921477839716,0.007793314133784236,0
2025-07-03 17:39:00+00:00,NVDL,71.19,71.2,71.19,71.2,484.0,8.0,71.194737,71.28872346424369,71.2997749956897,-0.011051531446014451,0.004024345017824499,0
2025-07-03 17:40:00+00:00,NVDL,71.191,71.191,71.17,71.17,1492.0,13.0,71.181464,71.27045831589851,71.29016203304602,-0.019703717147507405,-0.0007212674152418819,0
2025-07-03 17:44:00+00:00,NVDL,71.1,71.1,71.01,71.01,2753.0,12.0,71.028925,71.23038780576027,71.26940928985742,-0.03902148409714812,-0.00838131075162313,0
2025-07-03 17:45:00+00:00,NVDL,71.0,71.08,71.0,71.08,356.0,4.0,71.022857,71.2072512202587,71.25537897209021,-0.0481277518315153,-0.016330598967601563,0
2025-07-03 17:48:00+00:00,NVDL,71.1,71.1,71.1,71.1,327.0,9.0,71.1,71.19075103252659,71.24386941860205,-0.05311838607545383,-0.023688156389172016,0
2025-07-03 17:49:00+00:00,NVDL,71.2,71.2,71.11,71.11,363.0,8.0,71.162432,71.17832779675327,71.23395316537226,-0.05562536861899048,-0.030075598835135713,0
2025-07-03 17:50:00+00:00,NVDL,71.14,71.14,71.14,71.14,360.0,7.0,71.14,71.17243121263738,71.22699367164098,-0.05456245900360557,-0.03497297086882968,0
2025-07-03 17:51:00+00:00,NVDL,71.15,71.15,71.12,71.12,310.0,5.0,71.135,71.16436487223163,71.21906821448239,-0.05470334225076101,-0.03891904514521595,0
2025-07-03 17:52:00+00:00,NVDL,71.1302,71.3297,71.1302,71.1508,20292.0,10.0,71.327783,71.16227796881138,71.21401130970592,-0.05173334089454329,-0.04148190429508142,0
2025-07-03 17:53:00+00:00,NVDL,71.31,71.31,71.15,71.1501,5999.0,23.0,71.157621,71.1604044351481,71.2092771386166,-0.04887270346850414,-0.04296006412976597,0
2025-07-03 17:54:00+00:00,NVDL,71.17,71.18,71.17,71.18,636.0,10.0,71.1775,71.16341913743301,71.20710846168203,-0.043689324249015726,-0.04310591615361592,0
2025-07-03 17:55:00+00:00,NVDL,71.1701,71.18,71.17,71.1701,5391.0,11.0,71.170467,71.16444696244332,71.20436709415003,-0.03992013170670816,-0.04246875926423437,0
2025-07-03 17:57:00+00:00,NVDL,71.17,71.17,71.17,71.17,160.0,3.0,71.17,71.16530127591358,71.20182138347225,-0.03652010755867252,-0.041279028923122005,0
2025-07-03 17:58:00+00:00,NVDL,71.19,71.19,71.17,71.17,1070.0,12.0,71.174036,71.16602415654226,71.19946424395579,-0.03344008741352411,-0.03971124062120243,0
2025-07-03 18:00:00+00:00,NVDL,71.3256,71.3256,71.24,71.27,1925.0,12.0,71.312645,71.18202044015115,71.20468911477388,-0.022668674622735807,-0.036302727421509105,0
2025-07-03 18:02:00+00:00,NVDL,71.27,71.27,71.27,71.27,736.0,17.0,71.27,71.19555575705098,71.20952695812397,-0.01397120107299088,-0.03183642215180546,0
2025-07-03 18:04:00+00:00,NVDL,71.25,71.25,71.25,71.25,209.0,9.0,71.25,71.20393179442776,71.2125249612259,-0.008593166798135599,-0.02718777108107149,0
2025-07-03 18:06:00+00:00,NVDL,71.25,71.25,71.23,71.24,1195.0,20.0,71.241244,71.20948074913117,71.21456014928323,-0.0050794001520557686,-0.022766096895268345,0
2025-07-03 18:07:00+00:00,NVDL,71.1701,71.1701,71.1701,71.1701,201.0,3.0,71.1701,71.20342217234176,71.21126680489188,-0.00784463255011758,-0.019781804026238192,0
2025-07-03 18:08:00+00:00,NVDL,71.3,71.3,71.3,71.3,212.0,13.0,71.3,71.2182802996738,71.21783963415915,0.0004406655146453886,-0.015737310118061475,0
2025-07-03 18:10:00+00:00,NVDL,71.29,71.3,71.29,71.3,798.0,8.0,71.293094,71.23085256126244,71.2239255871844,0.006926974078041326,-0.011204453278840915,0
2025-07-03 18:11:00+00:00,NVDL,71.32,71.32,71.28,71.28,685.0,6.0,71.310873,71.2384137056836,71.22807924739296,0.010334458290643056,-0.00689667096494412,0
2025-07-03 18:15:00+00:00,NVDL,71.35,71.35,71.3,71.3,693.0,11.0,71.329126,71.24788852019381,71.23340671054903,0.014481809644777854,-0.002620974842999725,0
2025-07-03 18:16:00+00:00,NVDL,71.2968,71.32,71.2968,71.32,419.0,8.0,71.312215,71.25898259401015,71.23982102828614,0.01916156572400496,0.0017355332704012119,0
2025-07-03 18:17:00+00:00,NVDL,71.31,71.31,71.31,71.31,286.0,10.0,71.31,71.2668314257009,71.24501947063531,0.021811955065587085,0.005750817629438387,0
2025-07-03 18:19:00+00:00,NVDL,71.35,71.35,71.3499,71.3499,2193.0,9.0,71.34995,71.2796112063623,71.2527883987364,0.026822807625904943,0.009965215628731698,0
2025-07-03 18:20:00+00:00,NVDL,71.34,71.34,71.34,71.34,200.0,3.0,71.34,71.28890178999887,71.25924851734852,0.029653272650350004,0.01390282703305536,0
2025-07-03 18:21:00+00:00,NVDL,71.35,71.35,71.35,71.35,218.0,5.0,71.35,71.29830151461444,71.26597084939678,0.03233066521765693,0.017588394669975672,0
2025-07-03 18:22:00+00:00,NVDL,71.3101,71.32,71.3101,71.32,422.0,8.0,71.316074,71.3016397431353,71.26997300870073,0.031666734434566024,0.020404062622893744,0
2025-07-03 18:24:00+00:00,NVDL,71.3299,71.3299,71.31,71.31,1068.0,7.0,71.316911,71.3029259364991,71.27293797101919,0.029987965479904233,0.022320843194295843,0
2025-07-03 18:26:00+00:00,NVDL,71.31,71.31,71.31,71.31,160.0,3.0,71.31,71.30401425396077,71.27568330649925,0.028330947461526534,0.02352286404774198,0
2025-07-03 18:27:00+00:00,NVDL,71.31,71.31,71.31,71.31,1108.0,12.0,71.31,71.30493513796681,71.27822528379559,0.026709854171215852,0.02416026207243676,0
2025-07-03 18:29:00+00:00,NVDL,71.2501,71.2501,71.2501,71.2501,162.0,3.0,71.2501,71.29649896289499,71.27614192944036,0.020357033454629914,0.023399616348875392,0
2025-07-03 18:30:00+00:00,NVDL,71.27,71.27,71.27,71.27,166.0,3.0,71.27,71.29242219937268,71.27568697170403,0.016735227668647212,0.022066738612829758,0
2025-07-03 18:31:00+00:00,NVDL,71.25,71.25,71.25,71.25,542.0,7.0,71.25,71.2858957071615,71.27378423305929,0.012111474102212583,0.020075685710706326,0
2025-07-03 18:32:00+00:00,NVDL,71.284,71.284,71.284,71.284,107.0,3.0,71.284,71.28560405990589,71.27454095653638,0.011063103369508553,0.01827316924246677,0
2025-07-03 18:33:00+00:00,NVDL,71.1714,71.25,71.1714,71.25,320.0,4.0,71.212925,71.28012651222807,71.27272310790406,0.007403404324008989,0.016099216258775216,0
2025-07-03 18:34:00+00:00,NVDL,71.28,71.28,71.28,71.28,183.0,8.0,71.28,71.28010704880836,71.2732621369482,0.006844911860156344,0.014248355379051444,0
2025-07-03 18:35:00+00:00,NVDL,71.29,71.31,71.29,71.31,538.0,7.0,71.304563,71.2847059643763,71.27598346013723,0.00872250423907417,0.013143185151055989,0
2025-07-03 18:36:00+00:00,NVDL,71.33,71.33,71.3299,71.33,1792.0,12.0,71.329985,71.29167427754918,71.27998468531226,0.011689592236919566,0.012852466568228704,0
2025-07-03 18:37:00+00:00,NVDL,71.33,71.33,71.33,71.33,5111.0,14.0,71.33,71.29757054254162,71.28368952343727,0.013881019104346137,0.013058177075452192,0
2025-07-03 18:38:00+00:00,NVDL,71.3399,71.3399,71.3399,71.3399,507.0,3.0,71.3399,71.30408276676599,71.28785326244193,0.016229504324059008,0.013692442525173557,0
2025-07-03 18:39:00+00:00,NVDL,71.3,71.3,71.3,71.3,203.0,4.0,71.3,71.30345464880199,71.28875302077957,0.014701628022422142,0.013894279624623274,0
2025-07-03 18:42:00+00:00,NVDL,71.1801,71.21,71.1801,71.21,527.0,8.0,71.190067,71.28907701052475,71.28291946368479,0.006157546839958172,0.012346933067690254,0
2025-07-03 18:43:00+00:00,NVDL,71.29,71.29,71.29,71.29,359.0,4.0,71.29,71.28921900890556,71.28344394785628,0.005775061049277497,0.011032558664007703,0
2025-07-03 18:46:00+00:00,NVDL,71.28,71.29,71.28,71.28,9023.0,21.0,71.280226,71.28780069984317,71.28318884060768,0.0046118592354957855,0.00974841877830532,0
2025-07-03 18:52:00+00:00,NVDL,71.24,71.24,71.2116,71.2116,500.0,2.0,71.22296,71.27607751525191,71.27788596352563,-0.0018084482737208418,0.007437045367900087,0
2025-07-03 18:56:00+00:00,NVDL,71.31,71.31,71.26,71.26,311.0,4.0,71.293333,71.273604051367,71.27656107733856,-0.002957025971554117,0.005358231100009246,0
2025-07-03 19:03:00+00:00,NVDL,71.27,71.27,71.27,71.27,111.0,3.0,71.27,71.27304958192593,71.27607507160978,-0.003025489683849969,0.0036814869432374034,0
2025-07-03 19:04:00+00:00,NVDL,71.24,71.25,71.22,71.22,954.0,14.0,71.232775,71.26488810778348,71.27192136260165,-0.007033254818168189,0.001538538590956285,0
2025-07-03 19:05:00+00:00,NVDL,71.3,71.3,71.24,71.24,213.0,3.0,71.268302,71.26105916812448,71.26955681722374,-0.008497649099268756,-0.000468698947088723,0
2025-07-03 19:07:00+00:00,NVDL,71.23,71.23,71.23,71.23,410.0,8.0,71.23,71.25628083456687,71.26662668261457,-0.010345848047705886,-0.0024441287672121556,0
2025-07-03 19:08:00+00:00,NVDL,71.29,71.29,71.24,71.24,1394.0,14.0,71.274963,71.25377609078734,71.26465433575423,-0.010878244966889383,-0.004130952007147601,0
2025-07-03 19:10:00+00:00,NVDL,71.28,71.28,71.27,71.27,1344.0,13.0,71.271667,71.25627207682007,71.26505031088355,-0.008778234063484547,-0.005060408418414991,0
2025-07-03 19:13:00+00:00,NVDL,71.2506,71.2506,71.2506,71.2506,950.0,1.0,71.2506,71.25539944961697,71.26397991748478,-0.008580467867801644,-0.0057644203082923215,0
2025-07-03 19:14:00+00:00,NVDL,71.26,71.3,71.26,71.3,1502.0,14.0,71.282895,71.26226107275282,71.26664807174517,-0.00438699899234507,-0.005488936045102872,0
2025-07-03 19:17:00+00:00,NVDL,71.31,71.35,71.31,71.34,3809.0,46.0,71.342029,71.27422090771393,71.2720815479122,0.0021393598017311888,-0.003963276875736059,0
2025-07-03 19:19:00+00:00,NVDL,71.35,71.35,71.35,71.35,167.0,4.0,71.35,71.28587922960409,71.27785328510389,0.008025944500204218,-0.0015654326005480038,0
2025-07-03 19:20:00+00:00,NVDL,71.35,71.35,71.35,71.35,603.0,17.0,71.35,71.29574396351116,71.2831974862073,0.012546477303857273,0.0012569493803330518,0
2025-07-03 19:22:00+00:00,NVDL,71.377,71.39,71.377,71.39,900.0,16.0,71.387862,71.31024489220175,71.29110878352529,0.019136108676462982,0.004832781239559038,0
2025-07-03 19:23:00+00:00,NVDL,71.34,71.34,71.34,71.34,215.0,3.0,71.34,71.3148226010938,71.29473035511602,0.02009224597777859,0.007884674187202949,0
2025-07-03 19:26:00+00:00,NVDL,71.38,71.42,71.38,71.42,4309.0,45.0,71.398828,71.33100373938706,71.30400958807039,0.026994151316671378,0.011706569613096636,0
2025-07-03 19:27:00+00:00,NVDL,71.4468,71.4468,71.4468,71.4468,257.0,5.0,71.4468,71.34881854871212,71.31458665562073,0.03423189309138763,0.016211634308754837,0
2025-07-03 19:28:00+00:00,NVDL,71.32,71.32,71.32,71.32,1916.0,6.0,71.32,71.34438492583332,71.31498764409326,0.029397281740060066,0.018848763795015884,0
2025-07-03 19:31:00+00:00,NVDL,71.37,71.39,71.37,71.39,486.0,10.0,71.383333,71.35140262955127,71.32054411490118,0.030858514650091706,0.02125071396603105,0
2025-07-03 19:33:00+00:00,NVDL,71.39,71.4,71.39,71.39,619.0,8.0,71.394651,71.35734068654338,71.32568899527888,0.03165169126449996,0.023330909425724834,0
2025-07-03 19:34:00+00:00,NVDL,71.4,71.41,71.4,71.41,478.0,12.0,71.406608,71.36544211938286,71.33193425488786,0.03350786449500731,0.02536630043958133,0
2025-07-03 19:36:00+00:00,NVDL,71.4499,71.4499,71.42,71.42,410.0,8.0,71.438984,71.3738356394778,71.33845764341469,0.035377996063118644,0.027368639564288796,0
2025-07-03 19:37:00+00:00,NVDL,71.43,71.45,71.37,71.43,6274.0,53.0,71.43812,71.38247631032738,71.3452385587173,0.03723775161007836,0.02934246197344671,0
2025-07-03 19:38:00+00:00,NVDL,71.44,71.45,71.44,71.45,1384.0,17.0,71.447341,71.39286457027701,71.35299866547899,0.039865904798020324,0.03144715053836143,0
2025-07-03 19:39:00+00:00,NVDL,71.45,71.45,71.45,71.45,2464.0,19.0,71.45,71.40165463638824,71.36018394951759,0.04147068687065314,0.033451857804819775,0
2025-07-03 19:40:00+00:00,NVDL,71.44,71.45,71.44,71.45,567.0,9.0,71.447905,71.40909238463621,71.36683699029408,0.04225539434213488,0.035212565112282795,0
2025-07-03 19:41:00+00:00,NVDL,71.45,71.45,71.43,71.43,2658.0,7.0,71.44912,71.41230894084602,71.37151573175377,0.04079320909224293,0.036328693908274826,0
2025-07-03 19:42:00+00:00,NVDL,71.45,71.45,71.43,71.43,6048.0,69.0,71.430689,71.41503064225432,71.37584789977201,0.03918274248231057,0.036899503623081975,0
2025-07-03 19:45:00+00:00,NVDL,71.4,71.4,71.4,71.4,200.0,1.0,71.4,71.41271823575366,71.37763694423334,0.035081291520313584,0.0365358612025283,0
2025-07-03 19:48:00+00:00,NVDL,71.4,71.4,71.4,71.4,608.0,7.0,71.4,71.41076158409925,71.37929346688273,0.03146811721651943,0.03552231240532653,0
2025-07-03 19:51:00+00:00,NVDL,71.41,71.41,71.41,71.41,2042.0,6.0,71.41,71.41064441731474,71.38156802489142,0.029076392423320385,0.034233128408925305,0
2025-07-03 19:52:00+00:00,NVDL,71.4,71.4,71.4,71.4,201.0,9.0,71.4,71.40900681465094,71.38293335638095,0.02607345826999108,0.03260119438113846,0
2025-07-03 19:54:00+00:00,NVDL,71.4,71.4,71.4,71.4,200.0,3.0,71.4,71.40762115085849,71.38419755220458,0.023423598653906197,0.030765675235692007,0
2025-07-03 19:55:00+00:00,NVDL,71.4,71.41,71.4,71.4,1234.0,20.0,71.402674,71.40644866611103,71.38536810389313,0.021080562217903775,0.028828652632134362,0
2025-07-03 19:58:00+00:00,NVDL,71.39,71.39,71.39,71.39,119.0,5.0,71.39,71.40391810209395,71.38571120730846,0.018206894785492977,0.026704301062806086,0
2025-07-03 19:59:00+00:00,NVDL,71.4,71.4,71.4,71.4,388.0,16.0,71.4,71.40331531715643,71.38676963639672,0.016545680759705306,0.024672577002185933,0
2025-07-03 20:00:00+00:00,NVDL,71.45,71.45,71.39,71.39,13802.0,45.0,71.449488,71.40126680682467,71.38700892258956,0.014257884235107099,0.02258963844877017,0
2025-07-03 20:03:00+00:00,NVDL,71.38,71.38,71.38,71.38,105.0,2.0,71.38,71.3979949903901,71.38648974313847,0.011505247251633932,0.02037276020934292,0
2025-07-03 20:05:00+00:00,NVDL,71.38,71.38,71.38,71.38,600.0,1.0,71.38,71.39522653033008,71.3860090214245,0.009217508905578597,0.018141709948590056,0
2025-07-03 20:07:00+00:00,NVDL,71.39,71.39,71.39,71.39,140.0,2.0,71.39,71.39442244874084,71.38630464946714,0.008117799273705373,0.01613692781361312,0
2025-07-03 20:09:00+00:00,NVDL,71.45,71.45,71.45,71.45,104.0,4.0,71.45,71.40297284124225,71.39102282358068,0.011950017661561674,0.015299545783202832,0
2025-07-03 20:10:00+00:00,NVDL,71.38,71.38,71.38,71.38,145.0,10.0,71.38,71.39943855797421,71.39020631813025,0.009232239843953494,0.014086084595352964,0
2025-07-03 20:11:00+00:00,NVDL,71.36,71.36,71.36,71.36,225.0,4.0,71.36,71.39337108751664,71.38796881308356,0.005402274433080834,0.01234932256289854,0
2025-07-03 20:12:00+00:00,NVDL,71.37,71.37,71.37,71.37,1003.0,4.0,71.37,71.389775535591,71.38663778989218,0.003137745698822414,0.010507007190083316,0
2025-07-03 20:14:00+00:00,NVDL,71.38,71.38,71.38,71.38,718.0,9.0,71.38,71.38827160703853,71.386146101752,0.0021255052865285506,0.008830706809372363,0
2025-07-03 20:15:00+00:00,NVDL,71.38,71.38,71.314,71.314,360.0,3.0,71.351714,71.37684520595568,71.38080194606667,-0.003956740110993451,0.0062732174252992014,0
2025-07-03 20:22:00+00:00,NVDL,71.37,71.37,71.37,71.37,491.0,7.0,71.37,71.37579209734712,71.38000180191358,-0.0042097045664633015,0.004176633026946701,0
2025-07-03 20:23:00+00:00,NVDL,71.42,71.42,71.4,71.4,346.0,14.0,71.409302,71.37951639006295,71.38148314991999,-0.0019667598570407563,0.0029479544501492096,0
2025-07-03 20:24:00+00:00,NVDL,71.42,71.42,71.3113,71.3113,445.0,9.0,71.341422,71.36902156082249,71.37628439807406,-0.007262837251573728,0.0009057961098046224,0
2025-07-03 20:25:00+00:00,NVDL,71.39,71.39,71.39,71.39,201.0,6.0,71.39,71.37224901300365,71.3773003685871,-0.005051355583447048,-0.0002856342288457118,0
2025-07-03 20:28:00+00:00,NVDL,71.36,71.38,71.36,71.38,341.0,5.0,71.366785,71.37344147254154,71.37750034128435,-0.0040588687428027015,-0.0010402811316371097,0
2025-07-03 20:29:00+00:00,NVDL,71.35,71.44,71.35,71.44,1489.0,17.0,71.374081,71.38368124599668,71.38212994563365,0.0015513003630331923,-0.0005219648327030493,0
2025-07-03 20:30:00+00:00,NVDL,71.37,71.39,71.37,71.39,460.0,5.0,71.378023,71.3846533619972,71.38271291262376,0.0019404493734356265,-2.9481991475314106e-05,0
2025-07-03 20:31:00+00:00,NVDL,71.39,71.39,71.39,71.39,501.0,2.0,71.39,71.38547592168993,71.38325269687385,0.002223224816077618,0.00042105937003527233,0
2025-07-03 20:33:00+00:00,NVDL,71.37,71.37,71.37,71.37,260.0,4.0,71.37,71.38309501066071,71.38227101562393,0.0008239950367823212,0.0005016465033846822,0
2025-07-03 20:36:00+00:00,NVDL,71.38,71.38,71.37,71.37,1718.0,16.0,71.370823,71.38108039363598,71.38136205150363,-0.0002816578676458903,0.0003449856291785677,0
2025-07-03 20:37:00+00:00,NVDL,71.31,71.35,71.31,71.35,768.0,11.0,71.332857,71.37629879461507,71.37903893657743,-0.002740141962362941,-0.000272039889129734,0
2025-07-03 20:39:00+00:00,NVDL,71.3114,71.33,71.3114,71.33,2904.0,14.0,71.314714,71.36917590313583,71.37540642275688,-0.006230519621055919,-0.001463735835514971,0
2025-07-03 20:40:00+00:00,NVDL,71.32,71.32,71.32,71.32,136.0,3.0,71.32,71.36161037957646,71.3713022432934,-0.009691863716938087,-0.0031093614117995946,0
2025-07-03 20:41:00+00:00,NVDL,71.32,71.32,71.31,71.31,520.0,8.0,71.315349,71.35367032118009,71.36676133638277,-0.013091015202675749,-0.005105692169974826,0
2025-07-03 20:42:00+00:00,NVDL,71.35,71.35,71.35,71.35,383.0,11.0,71.35,71.35310565638315,71.36551975590997,-0.012414099526822042,-0.006567373641344269,0
2025-07-03 20:43:00+00:00,NVDL,71.34,71.37,71.34,71.36,1336.0,24.0,71.349156,71.3541663246319,71.36511088510183,-0.010944560469923204,-0.007442811007060056,0
2025-07-03 20:45:00+00:00,NVDL,71.37,71.37,71.37,71.37,395.0,13.0,71.37,71.35660227468854,71.36547304176095,-0.00887076707240908,-0.007728402220129861,0
2025-07-03 20:46:00+00:00,NVDL,71.38,71.38,71.3703,71.38,588.0,10.0,71.377744,71.36020192473646,71.36654911274161,-0.006347188005150883,-0.007452159377134066,0
2025-07-03 20:47:00+00:00,NVDL,71.38,71.38,71.38,71.38,333.0,9.0,71.38,71.3632477824693,71.36754547476075,-0.004297692291444832,-0.00682126595999622,0
2025-07-03 20:49:00+00:00,NVDL,71.4,71.4,71.4,71.4,515.0,5.0,71.4,71.36890196978172,71.36994951366736,-0.0010475438856474284,-0.005666521545126461,0
2025-07-03 20:50:00+00:00,NVDL,71.4,71.4,71.4,71.4,205.0,4.0,71.4,71.37368628212299,71.37217547561794,0.001510806505052642,-0.00423105593509064,0
2025-07-03 20:52:00+00:00,NVDL,71.41,71.41,71.41,71.41,199.0,11.0,71.41,71.37927300795022,71.37497729223882,0.0042957157113932,-0.0025257016057938725,0
2025-07-03 20:53:00+00:00,NVDL,71.42,71.42,71.42,71.42,239.0,6.0,71.42,71.3855386990348,71.37831230762853,0.007226391406263133,-0.0005752830033824716,0
2025-07-03 20:55:00+00:00,NVDL,71.4393,71.4393,71.42,71.42,218.0,4.0,71.42965,71.39084043764483,71.38140028484123,0.009440152803591673,0.0014278041580123573,0
2025-07-03 20:56:00+00:00,NVDL,71.41,71.42,71.4,71.4,6449.0,28.0,71.40387,71.39224960108409,71.38277804151967,0.009471559564417475,0.003036555239293381,0
2025-07-03 20:57:00+00:00,NVDL,71.4,71.41,71.4,71.41,2557.0,19.0,71.400506,71.39498043168653,71.38479448288858,0.01018594879795387,0.004466433951025479,0
2025-07-03 20:59:00+00:00,NVDL,71.4,71.4,71.38,71.39,1306.0,12.0,71.390214,71.39421421142707,71.3851800767487,0.009034134678373107,0.005379974096495005,0
