timestamp,symbol,open,high,low,close,volume,trade_count,vwap,Short MA,Long MA,Long Positions,Short Deltas,Buy Signal
2025-06-25 16:50:00+00:00,SOXL,24.16,24.29,24.13,24.2899,1191790.0,3600.0,24.24567,,,0,,0
2025-06-25 17:00:00+00:00,SOXL,24.29,24.3399,24.19,24.2197,1870248.0,4604.0,24.283806,,,0,0.129999999999999,0
2025-06-25 17:10:00+00:00,SOXL,24.21,24.36,24.205,24.335,1057027.0,3064.0,24.296113,,,0,-0.0799999999999983,0
2025-06-25 17:20:00+00:00,SOXL,24.345,24.45,24.345,24.41,1673619.0,4797.0,24.398566,,,0,0.134999999999998,0
2025-06-25 17:30:00+00:00,SOXL,24.405,24.42,24.19,24.25,1436646.0,4138.0,24.271135,,,0,0.060000000000002274,0
2025-06-25 17:40:00+00:00,SOXL,24.245,24.2484,24.1,24.18,1476671.0,3972.0,24.174008,,,0,-0.16000000000000014,0
2025-06-25 17:50:00+00:00,SOXL,24.17,24.24,24.06,24.1393,1128633.0,3077.0,24.146452,,,0,-0.07499999999999929,0
2025-06-25 18:00:00+00:00,SOXL,24.13,24.22,24.09,24.1851,844396.0,2212.0,24.16673,24.251125,,0,-0.0400000000000027,0
2025-06-25 18:10:00+00:00,SOXL,24.18,24.2599,24.16,24.245,645949.0,1987.0,24.222744,24.2455125,,0,0.05000000000000071,0
2025-06-25 18:20:00+00:00,SOXL,24.245,24.335,24.24,24.32,802810.0,2290.0,24.27893,24.258049999999997,,0,0.06500000000000128,0
2025-06-25 18:30:00+00:00,SOXL,24.32,24.32,24.2301,24.235,841489.0,2456.0,24.271355,24.24555,,0,0.07499999999999929,0
2025-06-25 18:40:00+00:00,SOXL,24.24,24.3,24.22,24.275,692327.0,2034.0,24.268749,24.228675,,0,-0.08000000000000185,0
2025-06-25 18:50:00+00:00,SOXL,24.28,24.3884,24.2627,24.36,1187085.0,2888.0,24.327178,24.242424999999997,,0,0.0400000000000027,0
2025-06-25 19:00:00+00:00,SOXL,24.37,24.49,24.355,24.4735,1970179.0,5656.0,24.442411,24.2791125,,0,0.08999999999999986,0
2025-06-25 19:10:00+00:00,SOXL,24.4788,24.53,24.45,24.5201,2691806.0,6232.0,24.486895,24.3267125,,0,0.10879999999999868,0
2025-06-25 19:20:00+00:00,SOXL,24.524,24.53,24.41,24.43,1564631.0,4009.0,24.469324,24.357325000000003,,0,0.04520000000000124,0
2025-06-25 19:30:00+00:00,SOXL,24.42,24.46,24.35,24.4,1280141.0,13696.0,24.406632,24.3767,,0,-0.1039999999999992,0
2025-06-25 19:40:00+00:00,SOXL,24.41,24.53,24.405,24.47,2464203.0,18064.0,24.476535,24.39545,,0,-0.010000000000001563,0
2025-06-25 19:50:00+00:00,SOXL,24.47,24.6,24.46,24.6,4699422.0,37744.0,24.539826,24.441074999999998,,0,0.05999999999999872,0
2025-06-25 20:00:00+00:00,SOXL,24.58,25.07,24.54,24.89,2997463.0,13226.0,24.801783,24.51795,,0,0.10999999999999943,0
2025-06-25 20:10:00+00:00,SOXL,24.88,24.96,24.84,24.84,833864.0,3545.0,24.919933,24.57795,,0,0.3000000000000007,0
2025-06-25 20:20:00+00:00,SOXL,24.85,24.87,24.74,24.75,512838.0,2396.0,24.8091,24.6125125,,0,-0.029999999999997584,0
2025-06-25 20:30:00+00:00,SOXL,24.75,24.8501,24.75,24.83,284318.0,1667.0,24.81367,24.651249999999997,,0,-0.10000000000000142,0
2025-06-25 20:40:00+00:00,SOXL,24.83,24.86,24.75,24.86,287577.0,1849.0,24.807106,24.705,,0,0.0799999999999983,0
2025-06-25 20:50:00+00:00,SOXL,24.86,24.9096,24.82,24.9,290576.0,1626.0,24.86538,24.767500000000002,,0,0.030000000000001137,0
2025-06-25 21:00:00+00:00,SOXL,24.9,24.92,24.87,24.9,193987.0,1405.0,24.89731,24.82125,,0,0.03999999999999915,0
2025-06-25 21:10:00+00:00,SOXL,24.9099,24.91,24.83,24.83,171072.0,1109.0,24.872692,24.849999999999998,,0,0.009900000000001796,0
2025-06-25 21:20:00+00:00,SOXL,24.8398,24.8398,24.7,24.78,237347.0,1359.0,24.776253,24.83625,,0,-0.07010000000000005,0
2025-06-25 21:30:00+00:00,SOXL,24.78,24.78,24.72,24.73,127174.0,710.0,24.739018,24.822499999999998,,0,-0.05979999999999919,0
2025-06-25 21:40:00+00:00,SOXL,24.73,24.73,24.6,24.65,234174.0,1405.0,24.668039,24.81,24.50992,0,-0.05000000000000071,0
2025-06-25 21:50:00+00:00,SOXL,24.67,24.67,24.61,24.64,129525.0,923.0,24.63057,24.786250000000003,24.52159,1,-0.05999999999999872,0
2025-06-25 22:00:00+00:00,SOXL,24.64,24.7201,24.63,24.67,100331.0,823.0,24.680757,24.7625,24.5366,1,-0.030000000000001137,0
2025-06-25 22:10:00+00:00,SOXL,24.68,24.78,24.67,24.73,127611.0,876.0,24.751899,24.741249999999997,24.549766666666663,1,0.03999999999999915,0
2025-06-25 22:20:00+00:00,SOXL,24.74,24.75,24.65,24.69,70787.0,703.0,24.690314,24.715000000000003,24.5591,1,0.05999999999999872,0
2025-06-25 22:30:00+00:00,SOXL,24.69,24.7395,24.63,24.63,84451.0,636.0,24.691747,24.69,24.57176666666667,1,-0.04999999999999716,0
2025-06-25 22:40:00+00:00,SOXL,24.64,24.67,24.63,24.66,122005.0,687.0,24.651911,24.675,24.587766666666663,1,-0.05000000000000071,0
2025-06-25 22:50:00+00:00,SOXL,24.66,24.67,24.64,24.65,109249.0,593.0,24.64974,24.665,24.604789999999998,1,0.019999999999999574,0
2025-06-25 23:00:00+00:00,SOXL,24.66,24.67,24.56,24.6314,136330.0,580.0,24.619917,24.662675,24.619666666666664,1,0.0,0
2025-06-25 23:10:00+00:00,SOXL,24.67,24.7,24.64,24.67,62352.0,276.0,24.671756,24.666425000000004,24.63383333333333,1,0.010000000000001563,1
2025-06-25 23:20:00+00:00,SOXL,24.65,24.66,24.64,24.64,62852.0,256.0,24.648267,24.662675,24.6445,1,-0.020000000000003126,0
2025-06-25 23:30:00+00:00,SOXL,24.65,24.68,24.64,24.66,112968.0,301.0,24.662014,24.653925,24.658666666666665,0,0.0,0
2025-06-25 23:40:00+00:00,SOXL,24.67,24.69,24.65,24.67,46169.0,273.0,24.671459,24.651425000000003,24.671833333333336,0,0.020000000000003126,0
2025-06-25 23:50:00+00:00,SOXL,24.66,24.68,24.62,24.64,110545.0,283.0,24.643471,24.652675,24.68116666666667,0,-0.010000000000001563,0
2025-06-26 08:00:00+00:00,SOXL,25.14,25.15,24.99,25.12,668874.0,4377.0,25.092331,24.710175,24.702716666666667,0,0.4800000000000004,0
2025-06-26 08:10:00+00:00,SOXL,25.11,25.21,25.11,25.19,585830.0,3601.0,25.171772,24.777675000000002,24.725046666666668,1,-0.030000000000001137,0
2025-06-26 08:20:00+00:00,SOXL,25.19,25.23,25.17,25.19,305706.0,2167.0,25.201926,24.8475,24.75038,1,0.08000000000000185,0
2025-06-26 08:30:00+00:00,SOXL,25.19,25.23,25.15,25.19,201061.0,1724.0,25.183473,24.9125,24.77671333333333,1,0.0,0
2025-06-26 08:40:00+00:00,SOXL,25.19,25.21,25.17,25.19,147216.0,1191.0,25.196199,24.981250000000003,24.80071333333333,1,0.0,0
2025-06-26 08:50:00+00:00,SOXL,25.19,25.21,25.17,25.2,100181.0,996.0,25.185555,25.048750000000002,24.820713333333334,1,0.0,0
2025-06-26 09:00:00+00:00,SOXL,25.21,25.25,25.2,25.23,137229.0,1378.0,25.225651,25.11875,24.832046666666663,1,0.019999999999999574,0
2025-06-26 09:10:00+00:00,SOXL,25.23,25.23,25.18,25.21,161860.0,1307.0,25.205858,25.19,24.84438,1,0.019999999999999574,0
2025-06-26 09:20:00+00:00,SOXL,25.21,25.25,25.2,25.21,161668.0,1092.0,25.221227,25.20125,24.859713333333335,1,-0.019999999999999574,0
2025-06-26 09:30:00+00:00,SOXL,25.21,25.23,25.18,25.2,129702.0,1126.0,25.200479,25.2025,24.872046666666666,1,0.0,0
2025-06-26 09:40:00+00:00,SOXL,25.2,25.21,25.15,25.18,168815.0,1321.0,25.16703,25.20125,24.882713333333335,1,-0.010000000000001563,0
2025-06-26 09:50:00+00:00,SOXL,25.175,25.22,25.17,25.18,170381.0,914.0,25.188166,25.200000000000003,24.892046666666666,1,-0.02499999999999858,0
2025-06-26 10:00:00+00:00,SOXL,25.18,25.28,25.18,25.26,147496.0,1434.0,25.231715,25.208750000000002,24.904046666666666,1,0.004999999999999005,0
2025-06-26 10:10:00+00:00,SOXL,25.26,25.32,25.26,25.29,269808.0,1931.0,25.300667,25.22,24.91938,1,0.08000000000000185,0
2025-06-26 10:20:00+00:00,SOXL,25.29,25.33,25.29,25.31,158293.0,1248.0,25.314292,25.23,24.937046666666667,1,0.029999999999997584,0
2025-06-26 10:30:00+00:00,SOXL,25.31,25.31,25.27,25.28,84216.0,997.0,25.294325,25.23875,24.955379999999998,1,0.019999999999999574,0
2025-06-26 10:40:00+00:00,SOXL,25.28,25.3,25.24,25.27,133494.0,979.0,25.269887,25.24625,24.976046666666665,1,-0.029999999999997584,0
2025-06-26 10:50:00+00:00,SOXL,25.27,25.29,25.25,25.25,107226.0,875.0,25.261569,25.2525,24.99638,1,-0.010000000000001563,0
2025-06-26 11:00:00+00:00,SOXL,25.26,25.29,25.18,25.29,453329.0,2055.0,25.232354,25.26625,25.017046666666666,1,-0.00999999999999801,0
2025-06-26 11:10:00+00:00,SOXL,25.29,25.39,25.28,25.37,313969.0,2236.0,25.338767,25.29,25.038380000000004,1,0.029999999999997584,0
2025-06-26 11:20:00+00:00,SOXL,25.37,25.39,25.255,25.31,314917.0,1862.0,25.318179,25.29625,25.059046666666667,1,0.08000000000000185,0
2025-06-26 11:30:00+00:00,SOXL,25.31,25.35,25.29,25.31,190822.0,1182.0,25.322587,25.298750000000002,25.081713333333333,1,-0.060000000000002274,0
2025-06-26 11:40:00+00:00,SOXL,25.3,25.32,25.28,25.29,187378.0,1100.0,25.301063,25.29625,25.102713333333334,1,-0.00999999999999801,0
2025-06-26 11:50:00+00:00,SOXL,25.29,25.36,25.29,25.35,202448.0,1065.0,25.330179,25.305,25.12604666666667,1,-0.010000000000001563,0
2025-06-26 12:00:00+00:00,SOXL,25.35,25.41,24.85,25.41,1914355.0,7247.0,25.232442,25.322499999999998,25.152,1,0.060000000000002274,0
2025-06-26 12:10:00+00:00,SOXL,25.4098,25.44,25.395,25.42,500062.0,2394.0,25.419644,25.34375,25.177,1,0.05979999999999919,0
2025-06-26 12:20:00+00:00,SOXL,25.42,25.44,25.36,25.42,275943.0,1885.0,25.398971,25.36,25.203,1,0.010200000000001097,1
2025-06-26 12:30:00+00:00,SOXL,25.415,25.44,25.13,25.3,959306.0,5596.0,25.268605,25.35125,25.224333333333334,1,-0.005000000000002558,0
2025-06-26 12:40:00+00:00,SOXL,25.3,25.35,25.26,25.29,488173.0,2257.0,25.303222,25.34875,25.245,1,-0.11499999999999844,0
2025-06-26 12:50:00+00:00,SOXL,25.28,25.3,25.15,25.22,552344.0,2787.0,25.220631,25.3375,25.264333333333333,1,-0.019999999999999574,0
2025-06-26 13:00:00+00:00,SOXL,25.22,25.24,25.09,25.16,675618.0,4260.0,25.139012,25.32125,25.265666666666668,1,-0.060000000000002274,0
2025-06-26 13:10:00+00:00,SOXL,25.16,25.22,25.1,25.21,568097.0,3052.0,25.169367,25.30375,25.266333333333332,1,-0.05999999999999872,0
2025-06-26 13:20:00+00:00,SOXL,25.2111,25.23,25.14,25.16,483520.0,2547.0,25.183835,25.2725,25.265333333333334,1,0.05109999999999815,0
2025-06-26 13:30:00+00:00,SOXL,25.18,25.2,24.71,24.855,7913337.0,31427.0,24.997364,25.201875,25.254166666666666,0,-0.031099999999998573,0
2025-06-26 13:40:00+00:00,SOXL,24.8596,24.995,24.66,24.715,5690635.0,21833.0,24.829447,25.11375,25.238333333333333,0,-0.32039999999999935,0
2025-06-26 13:50:00+00:00,SOXL,24.71,25.02,24.59,25.0,4584034.0,16684.0,24.782111,25.076249999999998,25.23166666666667,0,-0.1495999999999995,0
2025-06-26 14:00:00+00:00,SOXL,25.0,25.18,24.96,25.0716,3952476.0,14838.0,25.071739,25.04895,25.226386666666667,0,0.28999999999999915,0
2025-06-26 14:10:00+00:00,SOXL,25.07,25.175,24.9822,25.085,2973815.0,10915.0,25.06116,25.032075,25.22222,0,0.07000000000000028,0
2025-06-26 14:20:00+00:00,SOXL,25.0818,25.23,25.07,25.18,2883131.0,10277.0,25.167553,25.034575,25.22122,0,0.01180000000000092,0
2025-06-26 14:30:00+00:00,SOXL,25.18,25.355,25.16,25.26,3583643.0,12094.0,25.281183,25.040825,25.22322,0,0.09819999999999851,0
2025-06-26 14:40:00+00:00,SOXL,25.26,25.32,25.1,25.22,2596768.0,7687.0,25.212175,25.048325000000002,25.224553333333333,0,0.08000000000000185,0
2025-06-26 14:50:00+00:00,SOXL,25.21,25.295,25.11,25.1168,2134212.0,6663.0,25.203203,25.08105,25.222446666666666,0,-0.05000000000000071,0
2025-06-26 15:00:00+00:00,SOXL,25.12,25.3,25.1,25.275,2217715.0,5867.0,25.220378,25.15105,25.222946666666665,0,-0.08999999999999986,0
2025-06-26 15:10:00+00:00,SOXL,25.28,25.31,25.14,25.155,1696710.0,5414.0,25.233005,25.170425,25.21844666666667,0,0.16000000000000014,0
2025-06-26 15:20:00+00:00,SOXL,25.16,25.18,24.84,24.8773,2536971.0,8398.0,25.030763,25.1461375,25.204023333333335,0,-0.120000000000001,0
2025-06-26 15:30:00+00:00,SOXL,24.875,25.14,24.83,25.085,2418950.0,6272.0,24.983651,25.1461375,25.197523333333333,0,-0.28500000000000014,0
2025-06-26 15:40:00+00:00,SOXL,25.09,25.16,25.05,25.095,1101779.0,3359.0,25.116383,25.1355125,25.19169,0,0.21499999999999986,0
2025-06-26 15:50:00+00:00,SOXL,25.09,25.1664,25.05,25.105,1332997.0,3939.0,25.10966,25.1161375,25.186856666666667,0,0.0,0
2025-06-26 16:00:00+00:00,SOXL,25.105,25.24,25.105,25.1899,1737646.0,4522.0,25.190694,25.112375,25.183519999999998,0,0.015000000000000568,0
2025-06-26 16:10:00+00:00,SOXL,25.1869,25.2,25.11,25.145,1094336.0,3142.0,25.155696,25.1159,25.176019999999998,0,0.08190000000000097,0
2025-06-26 16:20:00+00:00,SOXL,25.145,25.1899,25.1133,25.13,795882.0,2377.0,25.149075,25.097775,25.17002,0,-0.041900000000001825,0
2025-06-26 16:30:00+00:00,SOXL,25.125,25.1288,24.9301,25.03,1691671.0,4616.0,25.036173,25.08215,25.160686666666667,0,-0.019999999999999574,0
2025-06-26 16:40:00+00:00,SOXL,25.03,25.04,24.95,24.9982,1106175.0,2853.0,24.994794,25.097262500000003,25.15096,0,-0.09499999999999886,0
2025-06-26 16:50:00+00:00,SOXL,24.9973,25.0272,24.94,25.0099,760351.0,2312.0,24.985011,25.087875,25.13962333333333,0,-0.03270000000000195,0
2025-06-26 17:00:00+00:00,SOXL,25.005,25.0951,24.97,25.08,894000.0,2597.0,25.055873,25.086,25.128623333333334,0,0.007699999999999818,0
2025-06-26 17:10:00+00:00,SOXL,25.09,25.09,24.96,25.01,1085357.0,2789.0,25.035236,25.074125,25.114956666666668,0,0.08500000000000085,0
2025-06-26 17:20:00+00:00,SOXL,25.01,25.0688,25.0028,25.0101,516388.0,1616.0,25.032382,25.05165,25.101293333333334,0,-0.0799999999999983,0
2025-06-26 17:30:00+00:00,SOXL,25.015,25.065,25.0001,25.035,674933.0,1934.0,25.036054,25.0379,25.092460000000003,0,0.004999999999999005,0
2025-06-26 17:40:00+00:00,SOXL,25.0301,25.06,25.0,25.015,566633.0,1833.0,25.028163,25.023525000000003,25.083293333333334,0,0.015100000000000335,0
2025-06-26 17:50:00+00:00,SOXL,25.02,25.08,25.0,25.035,750492.0,2119.0,25.03922,25.024150000000002,25.07712666666667,0,-0.01010000000000133,0
2025-06-26 18:00:00+00:00,SOXL,25.04,25.2172,24.98,25.205,1859996.0,4853.0,25.09555,25.049999999999997,25.078626666666665,0,0.019999999999999574,0
2025-06-26 18:10:00+00:00,SOXL,25.205,25.215,25.14,25.155,1075307.0,2940.0,25.176611,25.0681375,25.076793333333335,0,0.16499999999999915,0
2025-06-26 18:20:00+00:00,SOXL,25.155,25.2,25.13,25.18,843348.0,2613.0,25.165551,25.0806375,25.07746,0,-0.04999999999999716,0
2025-06-26 18:30:00+00:00,SOXL,25.175,25.225,25.16,25.19,980630.0,2865.0,25.192491,25.1031375,25.088626666666666,1,0.019999999999999574,0
2025-06-26 18:40:00+00:00,SOXL,25.185,25.25,25.16,25.19,1230275.0,3235.0,25.212214,25.125625,25.104460000000003,1,0.00999999999999801,1
2025-06-26 18:50:00+00:00,SOXL,25.2,25.2,25.135,25.1799,796308.0,2236.0,25.17066,25.1437375,25.110456666666668,1,0.015000000000000568,0
2025-06-26 19:00:00+00:00,SOXL,25.175,25.24,25.1,25.165,849901.0,2491.0,25.178393,25.162487499999997,25.11357,1,-0.02499999999999858,0
2025-06-26 19:10:00+00:00,SOXL,25.17,25.2,25.12,25.193,1165830.0,2610.0,25.170463,25.1822375,25.117169999999998,1,-0.004999999999999005,0
2025-06-26 19:20:00+00:00,SOXL,25.195,25.23,25.12,25.1207,1103626.0,2658.0,25.190866,25.1717,25.115193333333334,1,0.02499999999999858,0
2025-06-26 19:30:00+00:00,SOXL,25.12,25.17,25.035,25.0502,1231526.0,14715.0,25.098938,25.1586,25.108200000000004,1,-0.07499999999999929,0
2025-06-26 19:40:00+00:00,SOXL,25.05,25.095,25.02,25.05,1697532.0,15724.0,25.054528,25.14235,25.102533333333334,1,-0.07000000000000028,0
2025-06-26 19:50:00+00:00,SOXL,25.06,25.23,25.02,25.19,5166348.0,37957.0,25.159783,25.14235,25.104973333333337,1,0.00999999999999801,1
2025-06-26 20:00:00+00:00,SOXL,25.19,25.2,25.05,25.14,891495.0,1214.0,25.179522,25.136100000000003,25.100473333333337,1,0.13000000000000256,0
2025-06-26 20:10:00+00:00,SOXL,25.15,25.16,25.1,25.1201,171247.0,823.0,25.140764,25.128625,25.099310000000003,1,-0.0400000000000027,0
2025-06-26 20:20:00+00:00,SOXL,25.1203,25.19,25.12,25.19,175427.0,821.0,25.155876,25.13175,25.10973333333333,1,-0.029699999999998283,0
2025-06-26 20:30:00+00:00,SOXL,25.18,25.22,25.18,25.22,284786.0,1298.0,25.205202,25.135125000000002,25.114233333333335,1,0.05969999999999942,0
2025-06-26 20:40:00+00:00,SOXL,25.22,25.23,25.175,25.18,84385.0,644.0,25.203131,25.1425375,25.11706666666667,1,0.03999999999999915,0
2025-06-26 20:50:00+00:00,SOXL,25.175,25.18,25.14,25.16,81900.0,576.0,25.161444,25.156262500000004,25.1189,1,-0.04499999999999815,0
2025-06-26 21:00:00+00:00,SOXL,25.1503,25.18,25.15,25.1798,112643.0,596.0,25.159123,25.172487500000003,25.118563333333334,1,-0.024699999999999278,0
2025-06-26 21:10:00+00:00,SOXL,25.18,25.18,25.17,25.1701,32431.0,318.0,25.175225,25.17,25.1194,1,0.029699999999998283,0
2025-06-26 21:20:00+00:00,SOXL,25.17,25.2,25.17,25.2,57900.0,446.0,25.179246,25.1775,25.121733333333335,1,-0.00999999999999801,0
2025-06-26 21:30:00+00:00,SOXL,25.2,25.23,25.19,25.21,105778.0,631.0,25.213448,25.1887375,25.12773333333333,1,0.029999999999997584,0
2025-06-26 21:40:00+00:00,SOXL,25.21,25.23,25.19,25.195,107508.0,468.0,25.216455,25.189362499999998,25.134293333333332,1,0.010000000000001563,1
2025-06-26 21:50:00+00:00,SOXL,25.1902,25.22,25.19,25.21,63558.0,374.0,25.206608,25.1881125,25.140963333333335,1,-0.01980000000000004,0
2025-06-26 22:00:00+00:00,SOXL,25.2102,25.23,25.17,25.23,103059.0,602.0,25.201748,25.1943625,25.145963333333334,1,0.019999999999999574,0
2025-06-26 22:10:00+00:00,SOXL,25.23,25.23,25.1999,25.22,60183.0,382.0,25.211897,25.2018625,25.152963333333336,1,0.01980000000000004,0
2025-06-26 22:20:00+00:00,SOXL,25.21,25.28,25.21,25.25,227848.0,988.0,25.241368,25.210637499999997,25.16096,1,-0.019999999999999574,0
2025-06-26 22:30:00+00:00,SOXL,25.25,25.26,25.22,25.225,51707.0,456.0,25.238438,25.2175,25.16729333333333,1,0.03999999999999915,0
2025-06-26 22:40:00+00:00,SOXL,25.22,25.27,25.22,25.2501,93747.0,423.0,25.246783,25.2237625,25.175130000000003,1,-0.030000000000001137,0
2025-06-26 22:50:00+00:00,SOXL,25.2501,25.27,25.2501,25.27,52328.0,444.0,25.265205,25.2312625,25.182963333333337,1,0.030100000000000904,0
2025-06-26 23:00:00+00:00,SOXL,25.27,25.29,25.25,25.25,89485.0,302.0,25.270079,25.2381375,25.184463333333333,1,0.019899999999999807,0
2025-06-26 23:10:00+00:00,SOXL,25.2598,25.2598,25.22,25.2497,37420.0,171.0,25.237213,25.2431,25.18762,1,-0.010200000000001097,0
2025-06-26 23:20:00+00:00,SOXL,25.25,25.29,25.2424,25.29,29187.0,207.0,25.27276,25.250600000000002,25.191286666666663,1,-0.009799999999998477,0
2025-06-26 23:30:00+00:00,SOXL,25.28,25.3,25.28,25.2999,79969.0,285.0,25.290276,25.2605875,25.194950000000002,1,0.030000000000001137,0
2025-06-26 23:40:00+00:00,SOXL,25.2905,25.32,25.29,25.31,88252.0,411.0,25.305371,25.2680875,25.19895,1,0.010500000000000398,1
2025-06-26 23:50:00+00:00,SOXL,25.3198,25.33,25.28,25.33,88956.0,291.0,25.31052,25.2812125,25.203953333333335,1,0.029299999999999216,0
2025-06-27 08:00:00+00:00,SOXL,25.59,25.61,25.41,25.51,535123.0,4035.0,25.554854,25.313699999999997,25.215453333333336,1,0.2701999999999991,0
2025-06-27 08:10:00+00:00,SOXL,25.51,25.57,25.47,25.53,275238.0,1799.0,25.516283,25.3462,25.22668666666667,1,-0.0799999999999983,0
2025-06-27 08:20:00+00:00,SOXL,25.54,25.55,25.51,25.54,99217.0,853.0,25.524142,25.38245,25.24066333333333,1,0.029999999999997584,0
2025-06-27 08:30:00+00:00,SOXL,25.54,25.6,25.53,25.58,143898.0,1217.0,25.572747,25.423737499999998,25.258323333333333,1,0.0,0
2025-06-27 08:40:00+00:00,SOXL,25.58,25.61,25.58,25.595,120669.0,1013.0,25.598212,25.4618625,25.276490000000003,1,0.03999999999999915,0
2025-06-27 08:50:00+00:00,SOXL,25.59,25.63,25.575,25.6,123376.0,954.0,25.600073,25.499374999999997,25.290156666666668,1,0.010000000000001563,1
2025-06-27 09:00:00+00:00,SOXL,25.61,25.61,25.53,25.53,151398.0,1213.0,25.566366,25.526875,25.303156666666666,1,0.019999999999999574,0
2025-06-27 09:10:00+00:00,SOXL,25.53,25.53,25.485,25.51,219302.0,1427.0,25.503647,25.549375,25.316153333333332,1,-0.0799999999999983,0
2025-06-27 09:20:00+00:00,SOXL,25.515,25.54,25.51,25.52,65913.0,555.0,25.525434,25.550625,25.327153333333335,1,-0.015000000000000568,0
2025-06-27 09:30:00+00:00,SOXL,25.52,25.52,25.5,25.51,55390.0,547.0,25.513545,25.548125000000002,25.33682,1,0.004999999999999005,0
2025-06-27 09:40:00+00:00,SOXL,25.5,25.52,25.5,25.5,57287.0,564.0,25.505631,25.543125000000003,25.347486666666665,1,-0.019999999999999574,0
2025-06-27 09:50:00+00:00,SOXL,25.5,25.51,25.47,25.49,74450.0,807.0,25.487844,25.531875,25.358486666666668,1,0.0,0
2025-06-27 10:00:00+00:00,SOXL,25.49,25.5,25.44,25.47,70691.0,818.0,25.469972,25.51625,25.36816,1,-0.010000000000001563,0
2025-06-27 10:10:00+00:00,SOXL,25.47,25.47,25.38,25.44,216608.0,1451.0,25.413237,25.49625,25.377156666666668,1,-0.019999999999999574,0
2025-06-27 10:20:00+00:00,SOXL,25.44,25.46,25.4,25.41,87779.0,688.0,25.428836,25.481250000000003,25.38415666666667,1,-0.029999999999997584,0
2025-06-27 10:30:00+00:00,SOXL,25.4,25.44,25.4,25.43,66096.0,665.0,25.420151,25.471249999999998,25.391489999999997,1,-0.0400000000000027,0
2025-06-27 10:40:00+00:00,SOXL,25.42,25.47,25.42,25.46,60441.0,520.0,25.444442,25.46375,25.400323333333336,1,0.020000000000003126,0
2025-06-27 10:50:00+00:00,SOXL,25.46,25.48,25.46,25.47,37325.0,411.0,25.472252,25.45875,25.408990000000003,1,0.03999999999999915,0
2025-06-27 11:00:00+00:00,SOXL,25.47,25.56,25.46,25.55,438972.0,1668.0,25.524066,25.465,25.419656666666665,1,0.00999999999999801,1
2025-06-27 11:10:00+00:00,SOXL,25.55,25.61,25.55,25.56,245531.0,1332.0,25.585663,25.473750000000003,25.430989999999998,1,0.08000000000000185,0
2025-06-27 11:20:00+00:00,SOXL,25.57,25.58,25.54,25.57,138645.0,806.0,25.563272,25.486250000000002,25.441656666666667,1,0.019999999999999574,0
2025-06-27 11:30:00+00:00,SOXL,25.57,25.61,25.57,25.61,175781.0,967.0,25.590628,25.5075,25.454490000000003,1,0.0,0
2025-06-27 11:40:00+00:00,SOXL,25.61,25.61,25.58,25.6,177229.0,944.0,25.593998,25.53125,25.466153333333335,1,0.03999999999999915,0
2025-06-27 11:50:00+00:00,SOXL,25.6,25.65,25.59,25.64,154640.0,1354.0,25.628767,25.5575,25.478486666666665,1,-0.00999999999999801,0
2025-06-27 12:00:00+00:00,SOXL,25.52,25.67,25.32,25.64,1119625.0,5218.0,25.565495,25.58,25.491486666666667,1,-0.08000000000000185,0
2025-06-27 12:10:00+00:00,SOXL,25.63,25.64,25.58,25.58,341714.0,1693.0,25.603762,25.59375,25.50249666666667,1,0.10999999999999943,0
2025-06-27 12:20:00+00:00,SOXL,25.575,25.62,25.54,25.61,344573.0,1737.0,25.578536,25.60125,25.513163333333335,1,-0.054999999999999716,0
2025-06-27 12:30:00+00:00,SOXL,25.6,25.62,25.4588,25.5,658239.0,3235.0,25.490643,25.59375,25.51983333333333,1,0.02500000000000213,0
2025-06-27 12:40:00+00:00,SOXL,25.49,25.49,25.3589,25.4,612395.0,3431.0,25.4193,25.572499999999998,25.522833333333335,1,-0.11000000000000298,0
2025-06-27 12:50:00+00:00,SOXL,25.4,25.41,25.3,25.36,649081.0,3160.0,25.34168,25.54125,25.523833333333332,1,-0.08999999999999986,0
2025-06-27 13:00:00+00:00,SOXL,25.359,25.38,25.18,25.185,901488.0,5479.0,25.253486,25.489375000000003,25.512999999999998,0,-0.04099999999999682,0
2025-06-27 13:10:00+00:00,SOXL,25.19,25.26,25.1,25.235,900598.0,4518.0,25.181551,25.43875,25.50316666666667,0,-0.16900000000000048,0
2025-06-27 13:20:00+00:00,SOXL,25.24,25.3,25.18,25.21,500092.0,2902.0,25.248394,25.385,25.492166666666666,0,0.04999999999999716,0
2025-06-27 13:30:00+00:00,SOXL,25.21,25.68,25.0702,25.64,7967511.0,26793.0,25.392576,25.3925,25.49416666666667,0,-0.029999999999997584,0
2025-06-27 13:40:00+00:00,SOXL,25.64,25.6876,25.48,25.515,4588927.0,15639.0,25.585201,25.380625,25.4915,0,0.4299999999999997,0
2025-06-27 13:50:00+00:00,SOXL,25.525,25.6399,25.4,25.57,3665432.0,11985.0,25.52883,25.389375,25.490499999999997,0,-0.11500000000000199,0
2025-06-27 14:00:00+00:00,SOXL,25.58,25.84,25.58,25.75,5127064.0,20071.0,25.735801,25.433125,25.497833333333332,0,0.054999999999999716,0
2025-06-27 14:10:00+00:00,SOXL,25.75,25.84,25.65,25.7399,3430445.0,12285.0,25.7375,25.4806125,25.505496666666666,0,0.1700000000000017,0
2025-06-27 14:20:00+00:00,SOXL,25.73,25.82,25.61,25.63,2831655.0,10262.0,25.714016,25.5362375,25.509163333333333,0,-0.019999999999999574,0
2025-06-27 14:30:00+00:00,SOXL,25.635,25.75,25.51,25.68,3195125.0,10596.0,25.612721,25.5918625,25.51483,1,-0.09499999999999886,0
2025-06-27 14:40:00+00:00,SOXL,25.675,25.689,25.56,25.6,1353612.0,5421.0,25.619311,25.6406125,25.518163333333334,1,0.03999999999999915,0
2025-06-27 14:50:00+00:00,SOXL,25.6,25.61,25.39,25.4445,2822979.0,9054.0,25.469105,25.616175000000002,25.516646666666666,1,-0.07499999999999929,0
2025-06-27 15:00:00+00:00,SOXL,25.4401,25.5551,25.362,25.535,2190929.0,6584.0,25.471709,25.618675,25.518813333333334,1,-0.15990000000000038,0
2025-06-27 15:10:00+00:00,SOXL,25.54,25.5801,25.44,25.477,1468306.0,4740.0,25.511545,25.60705,25.520046666666666,1,0.0998999999999981,0
2025-06-27 15:20:00+00:00,SOXL,25.4701,25.58,25.445,25.479,1503684.0,4203.0,25.493906,25.573175,25.522346666666667,1,-0.06990000000000052,0
2025-06-27 15:30:00+00:00,SOXL,25.4707,25.53,25.44,25.52,1117458.0,3563.0,25.482217,25.5456875,25.525346666666668,1,0.0006000000000021544,0
2025-06-27 15:40:00+00:00,SOXL,25.52,25.6,25.4824,25.565,1537442.0,4581.0,25.556605,25.5375625,25.528846666666666,1,0.04929999999999879,0
2025-06-27 15:50:00+00:00,SOXL,25.57,25.5774,25.44,25.44,1015607.0,3354.0,25.500339,25.5075625,25.52784666666667,0,0.05000000000000071,0
2025-06-27 16:00:00+00:00,SOXL,25.44,25.47,25.4,25.44,1429325.0,3732.0,25.432446,25.4875625,25.52418,0,-0.129999999999999,0
2025-06-27 16:10:00+00:00,SOXL,25.44,25.4575,25.28,25.3086,1742030.0,6103.0,25.361364,25.470575,25.515800000000002,0,0.0,0
2025-06-27 16:20:00+00:00,SOXL,25.305,25.4,25.26,25.36,1210970.0,3903.0,25.321374,25.4487,25.5088,0,-0.13500000000000156,0
2025-06-27 16:30:00+00:00,SOXL,25.36,25.39,25.18,25.235,1659491.0,5392.0,25.267693,25.41845,25.4963,0,0.054999999999999716,0
2025-06-27 16:40:00+00:00,SOXL,25.24,25.26,25.05,25.0899,2928962.0,8140.0,25.168218,25.369812500000002,25.479296666666663,0,-0.120000000000001,0
2025-06-27 16:50:00+00:00,SOXL,25.09,25.23,25.03,25.1715,1590923.0,4843.0,25.13723,25.32625,25.46368,0,-0.14999999999999858,0
2025-06-27 17:00:00+00:00,SOXL,25.1799,25.1898,25.08,25.155,1032743.0,3418.0,25.136087,25.275000000000002,25.447513333333333,0,0.08990000000000009,0
2025-06-27 17:10:00+00:00,SOXL,25.16,25.1975,25.13,25.1701,560314.0,2040.0,25.165727,25.2412625,25.43385,0,-0.019899999999999807,0
2025-06-27 17:20:00+00:00,SOXL,25.1765,25.18,25.1,25.1701,619892.0,2215.0,25.138646,25.207525,25.41918666666667,0,0.016500000000000625,0
2025-06-27 17:30:00+00:00,SOXL,25.175,25.2688,25.15,25.265,899402.0,2986.0,25.207575,25.202075,25.411353333333334,0,-0.0015000000000000568,0
2025-06-27 17:40:00+00:00,SOXL,25.2699,25.35,24.92,24.94,3917543.0,12462.0,25.115529,25.149575000000002,25.39602,0,0.0948999999999991,0
2025-06-27 17:50:00+00:00,SOXL,24.94,25.07,24.8101,25.0194,2738377.0,8206.0,24.927556,25.122625,25.384666666666668,0,-0.3298999999999985,0
2025-06-27 18:00:00+00:00,SOXL,25.02,25.0799,24.9412,25.04,1290032.0,3974.0,25.020788,25.116387500000002,25.379833333333334,0,0.0799999999999983,0
2025-06-27 18:10:00+00:00,SOXL,25.04,25.0579,24.745,24.8099,1820878.0,6762.0,24.880407,25.0711875,25.36566333333333,0,0.019999999999999574,0
2025-06-27 18:20:00+00:00,SOXL,24.8022,24.8451,24.575,24.58,3061873.0,9476.0,24.717037,24.9993125,25.344663333333337,0,-0.2378,0
2025-06-27 18:30:00+00:00,SOXL,24.575,24.71,24.51,24.525,3292749.0,10355.0,24.58538,24.918675,25.307496666666665,0,-0.22719999999999985,0
2025-06-27 18:40:00+00:00,SOXL,24.53,24.6485,24.28,24.53,4561606.0,15181.0,24.469002,24.8386625,25.27466333333333,0,-0.04499999999999815,0
2025-06-27 18:50:00+00:00,SOXL,24.5313,24.5313,24.295,24.35,2770483.0,7864.0,24.383356,24.7242875,25.233996666666666,0,0.001300000000000523,0
2025-06-27 19:00:00+00:00,SOXL,24.34,24.58,24.31,24.525,1977965.0,6125.0,24.448041,24.6724125,25.193163333333334,0,-0.1913000000000018,0
2025-06-27 19:10:00+00:00,SOXL,24.525,24.69,24.52,24.6712,1730969.0,5515.0,24.629489,24.6288875,25.157539999999997,0,0.18499999999999872,0
2025-06-27 19:20:00+00:00,SOXL,24.675,24.7999,24.66,24.7324,1567055.0,4673.0,24.743377,24.590437499999997,25.12762,0,0.15000000000000213,0
2025-06-27 19:30:00+00:00,SOXL,24.74,24.88,24.74,24.87,1925581.0,28526.0,24.822718,24.597949999999997,25.100620000000003,0,0.06499999999999773,0
2025-06-27 19:40:00+00:00,SOXL,24.8601,25.06,24.8601,25.015,2467370.0,30467.0,24.984846,24.652325,25.081120000000002,0,0.12010000000000076,0
2025-06-27 19:50:00+00:00,SOXL,25.015,25.15,24.96,25.085,9129839.0,63295.0,25.0674,24.722324999999998,25.069136666666665,0,0.15490000000000137,0
2025-06-27 20:00:00+00:00,SOXL,25.09,25.11,24.92,24.98,2174399.0,2353.0,25.078985,24.778575,25.050636666666666,0,0.07499999999999929,0
2025-06-27 20:10:00+00:00,SOXL,24.98,25.09,24.94,25.07,434131.0,2017.0,25.021826,24.868575,25.037070000000003,0,-0.10999999999999943,0
2025-06-27 20:20:00+00:00,SOXL,25.07,25.07,24.99,24.99,134565.0,949.0,25.021091,24.9267,25.020770000000002,0,0.08999999999999986,0
2025-06-27 20:30:00+00:00,SOXL,25.0,25.02,24.99,25.02,72289.0,656.0,25.003888,24.970299999999998,25.004103333333333,0,-0.07000000000000028,0
2025-06-27 20:40:00+00:00,SOXL,25.01,25.01,24.98,24.98,62651.0,589.0,24.999505,25.001250000000002,24.984603333333332,0,0.010000000000001563,0
2025-06-27 20:50:00+00:00,SOXL,24.99,25.06,24.99,25.02,98238.0,721.0,25.025724,25.02,24.970603333333333,1,-0.020000000000003126,0
2025-06-27 21:00:00+00:00,SOXL,25.02,25.02,25.0,25.0,56209.0,455.0,25.004318,25.018124999999998,24.955936666666666,1,0.030000000000001137,0
2025-06-27 21:10:00+00:00,SOXL,25.0,25.04,25.0,25.03,60876.0,524.0,25.021621,25.01125,24.946649999999998,1,-0.019999999999999574,0
2025-06-27 21:20:00+00:00,SOXL,25.03,25.03,25.0,25.0,48245.0,464.0,25.016075,25.013749999999998,24.934649999999998,1,0.030000000000001137,0
2025-06-27 21:30:00+00:00,SOXL,25.01,25.02,24.99,24.99,205363.0,435.0,25.001081,25.00375,24.926483333333334,1,-0.019999999999999574,0
2025-06-27 21:40:00+00:00,SOXL,24.99,25.0,24.99,25.0,23549.0,248.0,24.992608,25.005,24.92348666666667,1,-0.020000000000003126,0
2025-06-27 21:50:00+00:00,SOXL,24.99,25.0,24.96,24.9798,45624.0,592.0,24.973893,24.999975000000003,24.917096666666666,1,0.0,0
2025-06-27 22:00:00+00:00,SOXL,24.9799,24.99,24.97,24.98,90044.0,251.0,24.979939,24.999975,24.911263333333334,1,-0.010099999999997777,0
2025-06-27 22:10:00+00:00,SOXL,24.9803,24.99,24.96,24.98,39267.0,334.0,24.970066,24.994975,24.904926666666665,1,0.00039999999999906777,0
2025-06-27 22:20:00+00:00,SOXL,24.97,25.0,24.96,24.9902,48497.0,348.0,24.981226,24.993750000000002,24.89893,1,-0.010300000000000864,0
2025-06-27 22:30:00+00:00,SOXL,24.99,25.0,24.99,24.9901,28309.0,310.0,24.995889,24.9887625,24.88976666666667,1,0.019999999999999574,0
2025-06-27 22:40:00+00:00,SOXL,24.99,25.0,24.97,24.9797,41821.0,431.0,24.984494,24.986225,24.891090000000002,1,0.0,0
2025-06-27 22:50:00+00:00,SOXL,24.97,24.98,24.96,24.97,37298.0,396.0,24.970898,24.983725,24.889443333333336,1,-0.019999999999999574,0
2025-06-27 23:00:00+00:00,SOXL,24.96,24.97,24.9401,24.95,25279.0,211.0,24.956298,24.977475000000002,24.886443333333332,1,-0.00999999999999801,0
2025-06-27 23:10:00+00:00,SOXL,24.94,24.95,24.92,24.93,40864.0,270.0,24.937202,24.971249999999998,24.89044666666667,1,-0.019999999999999574,0
2025-06-27 23:20:00+00:00,SOXL,24.92,24.9402,24.92,24.94,87728.0,262.0,24.9359,24.966250000000002,24.902446666666666,1,-0.019999999999999574,0
2025-06-27 23:30:00+00:00,SOXL,24.95,24.95,24.9298,24.9298,39072.0,235.0,24.93857,24.959975,24.91594,1,0.029999999999997584,0
2025-06-27 23:40:00+00:00,SOXL,24.93,24.98,24.93,24.9702,86818.0,206.0,24.964077,24.957475,24.930613333333334,1,-0.019999999999999574,0
2025-06-27 23:50:00+00:00,SOXL,24.98,25.0,24.97,24.99,113156.0,307.0,24.98841,24.9574625,24.951946666666668,1,0.05000000000000071,0
