timestamp,MACD_Histogram,bearish_h,bullish_h
2025-07-03 08:00:00+00:00,0.0,0.0,0.0
2025-07-03 08:01:00+00:00,-0.0006381766381764464,-0.0006381766381764464,0.0
2025-07-03 08:02:00+00:00,-0.0016414412220655094,-0.0016414412220655094,0.0
2025-07-03 08:03:00+00:00,-0.0009026719789966363,-0.0009026719789966363,0.0
2025-07-03 08:04:00+00:00,-0.0010232297289674078,-0.0010232297289674078,0.0
2025-07-03 08:05:00+00:00,-0.0013546566871632192,-0.0013546566871632192,0.0
2025-07-03 08:06:00+00:00,-0.0017977908944351428,-0.0017977908944351428,0.0
2025-07-03 08:07:00+00:00,-0.0019645253657266755,-0.0019645253657266755,0.0
2025-07-03 08:08:00+00:00,-0.0003493581946242127,-0.0003493581946242127,0.0
2025-07-03 08:09:00+00:00,-0.000253909621999148,-0.000253909621999148,0.0
2025-07-03 08:10:00+00:00,-0.0007963277664766273,-0.0007963277664766273,0.0
2025-07-03 08:11:00+00:00,-0.001070122326027153,-0.001070122326027153,0.0
2025-07-03 08:12:00+00:00,-0.001158757038169386,-0.001158757038169386,0.0
2025-07-03 08:13:00+00:00,-0.0017622263635247368,-0.0017622263635247368,0.0
2025-07-03 08:14:00+00:00,-0.0013763794445140701,-0.0013763794445140701,0.0
2025-07-03 08:15:00+00:00,-0.0010257145938670177,-0.0010257145938670177,0.0
2025-07-03 08:16:00+00:00,-0.0019894990783072292,-0.0019894990783072292,0.0
2025-07-03 08:17:00+00:00,-0.0030839206566025696,-0.0030839206566025696,0.0
2025-07-03 08:18:00+00:00,-0.0035576461297202946,-0.0035576461297202946,0.0
2025-07-03 08:19:00+00:00,-0.0036093892417306253,-0.0036093892417306253,0.0
2025-07-03 08:20:00+00:00,-0.003385702997334249,-0.003385702997334249,0.0
2025-07-03 08:21:00+00:00,-0.002993392268865181,-0.002993392268865181,0.0
2025-07-03 08:22:00+00:00,-0.0037854872870971244,-0.0037854872870971244,0.0
2025-07-03 08:23:00+00:00,-0.004631617422450482,-0.004631617422450482,0.0
2025-07-03 08:24:00+00:00,-0.0035421738750071596,-0.0035421738750071596,0.0
2025-07-03 08:25:00+00:00,-0.0025649406180398675,-0.0025649406180398675,0.0
2025-07-03 08:26:00+00:00,-0.0004270674845457366,-0.0004270674845457366,0.0
2025-07-03 08:27:00+00:00,0.00041264485455374915,0.0,0.00041264485455374915
2025-07-03 08:28:00+00:00,0.001031912185988769,0.0,0.001031912185988769
2025-07-03 08:29:00+00:00,0.0021163705421163026,0.0,0.0021163705421163026
2025-07-03 08:30:00+00:00,0.003430728884701197,0.0,0.003430728884701197
2025-07-03 08:31:00+00:00,0.003536110647251702,0.0,0.003536110647251702
2025-07-03 08:32:00+00:00,0.0035083221518063847,0.0,0.0035083221518063847
2025-07-03 08:33:00+00:00,0.003390525661595747,0.0,0.003390525661595747
2025-07-03 08:34:00+00:00,0.003214761296858753,0.0,0.003214761296858753
2025-07-03 08:35:00+00:00,0.003004550558553762,0.0,0.003004550558553762
2025-07-03 08:36:00+00:00,0.004053274392765357,0.0,0.004053274392765357
2025-07-03 08:37:00+00:00,0.004550506682507282,0.0,0.004550506682507282
2025-07-03 08:38:00+00:00,0.004665637492872809,0.0,0.004665637492872809
2025-07-03 08:39:00+00:00,0.0019718986668599923,0.0,0.0019718986668599923
2025-07-03 08:40:00+00:00,0.0008452138450087145,0.0,0.0008452138450087145
2025-07-03 08:41:00+00:00,-0.0011566655336413532,-0.0011566655336413532,0.0
2025-07-03 08:42:00+00:00,-0.0023231685291071878,-0.0023231685291071878,0.0
2025-07-03 08:43:00+00:00,-0.002580540486850323,-0.002580540486850323,0.0
2025-07-03 08:44:00+00:00,-0.0035250665622245936,-0.0035250665622245936,0.0
2025-07-03 08:45:00+00:00,-0.005161827887862612,-0.005161827887862612,0.0
2025-07-03 08:46:00+00:00,-0.005220372359816972,-0.005220372359816972,0.0
2025-07-03 08:47:00+00:00,-0.00427475380047734,-0.00427475380047734,0.0
2025-07-03 08:48:00+00:00,-0.004015926442187798,-0.004015926442187798,0.0
2025-07-03 08:49:00+00:00,-0.004191981552467944,-0.004191981552467944,0.0
2025-07-03 08:50:00+00:00,-0.003664564138010218,-0.003664564138010218,0.0
2025-07-03 08:51:00+00:00,-0.003353696221191544,-0.003353696221191544,0.0
2025-07-03 08:52:00+00:00,-0.004144474749314512,-0.004144474749314512,0.0
2025-07-03 08:53:00+00:00,-0.004298490636893472,-0.004298490636893472,0.0
2025-07-03 08:54:00+00:00,-0.004035525140536046,-0.004035525140536046,0.0
2025-07-03 08:55:00+00:00,-0.0041539677369304695,-0.0041539677369304695,0.0
2025-07-03 08:56:00+00:00,-0.00449579284740571,-0.00449579284740571,0.0
2025-07-03 08:57:00+00:00,-0.00431128729345703,-0.00431128729345703,0.0
2025-07-03 08:58:00+00:00,-0.005073086942311317,-0.005073086942311317,0.0
2025-07-03 08:59:00+00:00,-0.006057426652484453,-0.006057426652484453,0.0
2025-07-03 09:00:00+00:00,-0.005201313432466943,-0.005201313432466943,0.0
2025-07-03 09:01:00+00:00,-0.004181928952790643,-0.004181928952790643,0.0
2025-07-03 09:02:00+00:00,-0.0024659389293514196,-0.0024659389293514196,0.0
2025-07-03 09:03:00+00:00,-0.0010358413436878516,-0.0010358413436878516,0.0
2025-07-03 09:04:00+00:00,0.00014245721402098704,0.0,0.00014245721402098704
2025-07-03 09:05:00+00:00,0.001100839972917305,0.0,0.001100839972917305
2025-07-03 09:06:00+00:00,0.0018686347247468642,0.0,0.0018686347247468642
2025-07-03 09:07:00+00:00,0.0011961112635613252,0.0,0.0011961112635613252
2025-07-03 09:08:00+00:00,0.0009297061380217353,0.0,0.0009297061380217353
2025-07-03 09:09:00+00:00,0.0015678711641681463,0.0,0.0015678711641681463
2025-07-03 09:10:00+00:00,0.002735976076230995,0.0,0.002735976076230995
2025-07-03 09:11:00+00:00,0.0035305905713728172,0.0,0.0035305905713728172
2025-07-03 09:12:00+00:00,0.0034032299357733865,0.0,0.0034032299357733865
2025-07-03 09:13:00+00:00,0.003335089593570678,0.0,0.003335089593570678
2025-07-03 09:14:00+00:00,0.0033000380695149753,0.0,0.0033000380695149753
2025-07-03 09:15:00+00:00,0.003918218618332522,0.0,0.003918218618332522
2025-07-03 09:16:00+00:00,0.006180849192902557,0.0,0.006180849192902557
2025-07-03 09:17:00+00:00,0.00806513766986633,0.0,0.00806513766986633
2025-07-03 09:18:00+00:00,0.009276040734908578,0.0,0.009276040734908578
2025-07-03 09:19:00+00:00,0.008703906080263803,0.0,0.008703906080263803
2025-07-03 09:20:00+00:00,0.00798161716479908,0.0,0.00798161716479908
2025-07-03 09:21:00+00:00,0.009099416240588293,0.0,0.009099416240588293
2025-07-03 09:22:00+00:00,0.009376680621480645,0.0,0.009376680621480645
2025-07-03 09:23:00+00:00,0.00972938476880223,0.0,0.00972938476880223
2025-07-03 09:24:00+00:00,0.00945053189187382,0.0,0.00945053189187382
2025-07-03 09:25:00+00:00,0.008768909562202495,0.0,0.008768909562202495
2025-07-03 09:26:00+00:00,0.007850584792680013,0.0,0.007850584792680013
2025-07-03 09:27:00+00:00,0.00809049982702742,0.0,0.00809049982702742
2025-07-03 09:28:00+00:00,0.007749007227065218,0.0,0.007749007227065218
2025-07-03 09:29:00+00:00,0.006405162998924786,0.0,0.006405162998924786
2025-07-03 09:30:00+00:00,0.004488912061951025,0.0,0.004488912061951025
2025-07-03 09:31:00+00:00,0.0029422862293866023,0.0,0.0029422862293866023
2025-07-03 09:32:00+00:00,0.0029780581441306055,0.0,0.0029780581441306055
2025-07-03 09:33:00+00:00,0.0020824535764294907,0.0,0.0020824535764294907
2025-07-03 09:34:00+00:00,-0.0006310702646416273,-0.0006310702646416273,0.0
2025-07-03 09:35:00+00:00,-0.003063991670543345,-0.003063991670543345,0.0
2025-07-03 09:36:00+00:00,-0.0039101624127875784,-0.0039101624127875784,0.0
2025-07-03 09:37:00+00:00,-0.0049848721362544274,-0.0049848721362544274,0.0
2025-07-03 09:38:00+00:00,-0.006135126074101473,-0.006135126074101473,0.0
2025-07-03 09:39:00+00:00,-0.007896624894705866,-0.007896624894705866,0.0
2025-07-03 09:40:00+00:00,-0.008654548205314316,-0.008654548205314316,0.0
2025-07-03 09:41:00+00:00,-0.00744763949404926,-0.00744763949404926,0.0
2025-07-03 09:42:00+00:00,-0.006331858885004855,-0.006331858885004855,0.0
2025-07-03 09:43:00+00:00,-0.005317255081049842,-0.005317255081049842,0.0
2025-07-03 09:44:00+00:00,-0.005683488322816633,-0.005683488322816633,0.0
2025-07-03 09:45:00+00:00,-0.005606697825985228,-0.005606697825985228,0.0
2025-07-03 09:46:00+00:00,-0.00588165195704243,-0.00588165195704243,0.0
2025-07-03 09:47:00+00:00,-0.004434723867466636,-0.004434723867466636,0.0
2025-07-03 09:48:00+00:00,-0.003250649365399345,-0.003250649365399345,0.0
2025-07-03 09:49:00+00:00,-0.0010096353778586975,-0.0010096353778586975,0.0
2025-07-03 09:50:00+00:00,-0.0007740352429153495,-0.0007740352429153495,0.0
2025-07-03 09:51:00+00:00,-0.0011677993867829873,-0.0011677993867829873,0.0
2025-07-03 09:52:00+00:00,-0.0019327334496849159,-0.0019327334496849159,0.0
2025-07-03 09:53:00+00:00,-0.0022476287908516704,-0.0022476287908516704,0.0
2025-07-03 09:54:00+00:00,-0.0022588184451426893,-0.0022588184451426893,0.0
2025-07-03 09:55:00+00:00,-0.0020739163743432373,-0.0020739163743432373,0.0
2025-07-03 09:56:00+00:00,-0.001771073806344562,-0.001771073806344562,0.0
2025-07-03 09:57:00+00:00,-0.0020443239301462437,-0.0020443239301462437,0.0
2025-07-03 09:58:00+00:00,-0.003297850779801907,-0.003297850779801907,0.0
2025-07-03 09:59:00+00:00,-0.00349712607683432,-0.00349712607683432,0.0
2025-07-03 10:00:00+00:00,-0.0030171999268508443,-0.0030171999268508443,0.0
2025-07-03 10:01:00+00:00,-0.0050016400528611876,-0.0050016400528611876,0.0
2025-07-03 10:02:00+00:00,-0.005543474966217408,-0.005543474966217408,0.0
2025-07-03 10:03:00+00:00,-0.005140074297910215,-0.005140074297910215,0.0
2025-07-03 10:04:00+00:00,-0.005110914897105995,-0.005110914897105995,0.0
2025-07-03 10:05:00+00:00,-0.004668025809428555,-0.004668025809428555,0.0
2025-07-03 10:06:00+00:00,-0.003978396572044983,-0.003978396572044983,0.0
2025-07-03 10:07:00+00:00,-0.003161199322628122,-0.003161199322628122,0.0
2025-07-03 10:08:00+00:00,-0.001661502093959634,-0.001661502093959634,0.0
2025-07-03 10:09:00+00:00,-0.0017233867225485075,-0.0017233867225485075,0.0
2025-07-03 10:10:00+00:00,-0.0014805152886105885,-0.0014805152886105885,0.0
2025-07-03 10:11:00+00:00,-0.0029705159013856085,-0.0029705159013856085,0.0
2025-07-03 10:12:00+00:00,-0.002909061888181401,-0.002909061888181401,0.0
2025-07-03 10:13:00+00:00,-0.0031481306288745695,-0.0031481306288745695,0.0
2025-07-03 10:14:00+00:00,-0.002917676966505873,-0.002917676966505873,0.0
2025-07-03 10:15:00+00:00,-0.0023983665438534474,-0.0023983665438534474,0.0
2025-07-03 10:16:00+00:00,-0.003634292962450346,-0.003634292962450346,0.0
2025-07-03 10:17:00+00:00,-0.004620941958263562,-0.004620941958263562,0.0
2025-07-03 10:18:00+00:00,-0.005070006543532284,-0.005070006543532284,0.0
2025-07-03 10:19:00+00:00,-0.005147027356933967,-0.005147027356933967,0.0
2025-07-03 10:20:00+00:00,-0.004656001347942428,-0.004656001347942428,0.0
2025-07-03 10:21:00+00:00,-0.003824063021451357,-0.003824063021451357,0.0
2025-07-03 10:22:00+00:00,-0.003451519865737683,-0.003451519865737683,0.0
2025-07-03 10:23:00+00:00,-0.0027404026807996626,-0.0027404026807996626,0.0
2025-07-03 10:24:00+00:00,-0.0012099292212977356,-0.0012099292212977356,0.0
2025-07-03 10:25:00+00:00,0.002990246836852402,0.0,0.002990246836852402
2025-07-03 10:26:00+00:00,0.006403126982644787,0.0,0.006403126982644787
2025-07-03 10:27:00+00:00,0.008809954145568538,0.0,0.008809954145568538
2025-07-03 10:28:00+00:00,0.009482692307505692,0.0,0.009482692307505692
2025-07-03 10:29:00+00:00,0.009649834696675387,0.0,0.009649834696675387
2025-07-03 10:30:00+00:00,0.008512058687760445,0.0,0.008512058687760445
2025-07-03 10:31:00+00:00,0.008192070097752288,0.0,0.008192070097752288
2025-07-03 10:32:00+00:00,0.007425492807280099,0.0,0.007425492807280099
2025-07-03 10:33:00+00:00,0.007997705014802563,0.0,0.007997705014802563
2025-07-03 10:34:00+00:00,0.007446289931522892,0.0,0.007446289931522892
2025-07-03 10:35:00+00:00,0.00811707143403225,0.0,0.00811707143403225
2025-07-03 10:36:00+00:00,0.008862061517962044,0.0,0.008862061517962044
2025-07-03 10:37:00+00:00,0.007041605508316499,0.0,0.007041605508316499
2025-07-03 10:38:00+00:00,0.005607089571557861,0.0,0.005607089571557861
2025-07-03 10:39:00+00:00,0.0041578050809954765,0.0,0.0041578050809954765
2025-07-03 10:40:00+00:00,0.004042114632382689,0.0,0.004042114632382689
2025-07-03 10:41:00+00:00,0.0038018820235939735,0.0,0.0038018820235939735
2025-07-03 10:42:00+00:00,0.0038066052528187566,0.0,0.0038066052528187566
2025-07-03 10:43:00+00:00,0.0036368501137923784,0.0,0.0036368501137923784
2025-07-03 10:44:00+00:00,0.003358345041581448,0.0,0.003358345041581448
2025-07-03 10:45:00+00:00,0.0030186229665033724,0.0,0.0030186229665033724
2025-07-03 10:46:00+00:00,0.0023323716811114196,0.0,0.0023323716811114196
2025-07-03 10:47:00+00:00,0.002416846036846978,0.0,0.002416846036846978
2025-07-03 10:48:00+00:00,0.003612636164870492,0.0,0.003612636164870492
2025-07-03 10:49:00+00:00,0.0028813517134494626,0.0,0.0028813517134494626
2025-07-03 10:50:00+00:00,0.0028885121197458723,0.0,0.0028885121197458723
2025-07-03 10:51:00+00:00,0.0027133799548861278,0.0,0.0027133799548861278
2025-07-03 10:52:00+00:00,0.0017888100755463193,0.0,0.0017888100755463193
2025-07-03 10:53:00+00:00,0.0017152508529909112,0.0,0.0017152508529909112
2025-07-03 10:54:00+00:00,0.001536858677464322,0.0,0.001536858677464322
2025-07-03 10:55:00+00:00,0.0012986080387856862,0.0,0.0012986080387856862
2025-07-03 10:56:00+00:00,0.00039419233864768956,0.0,0.00039419233864768956
2025-07-03 10:57:00+00:00,0.0003951030814999326,0.0,0.0003951030814999326
2025-07-03 10:58:00+00:00,0.0009625066372464684,0.0,0.0009625066372464684
2025-07-03 10:59:00+00:00,0.0018530389340179493,0.0,0.0018530389340179493
2025-07-03 11:00:00+00:00,0.00098066552599403,0.0,0.00098066552599403
2025-07-03 11:01:00+00:00,-0.00031499026597682413,-0.00031499026597682413,0.0
2025-07-03 11:02:00+00:00,-0.000530959635403604,-0.000530959635403604,0.0
2025-07-03 11:03:00+00:00,0.0012186824398113232,0.0,0.0012186824398113232
2025-07-03 11:04:00+00:00,0.0034676582976020925,0.0,0.0034676582976020925
2025-07-03 11:05:00+00:00,0.005903808371187045,0.0,0.005903808371187045
2025-07-03 11:06:00+00:00,0.005763406078460915,0.0,0.005763406078460915
2025-07-03 11:07:00+00:00,0.00464047146874361,0.0,0.00464047146874361
2025-07-03 11:08:00+00:00,0.0042263474285535695,0.0,0.0042263474285535695
2025-07-03 11:09:00+00:00,0.002992215210850465,0.0,0.002992215210850465
2025-07-03 11:10:00+00:00,0.0025783464164658328,0.0,0.0025783464164658328
2025-07-03 11:11:00+00:00,0.00269442195773514,0.0,0.00269442195773514
2025-07-03 11:12:00+00:00,0.002173165380248117,0.0,0.002173165380248117
2025-07-03 11:13:00+00:00,0.0028702550209849936,0.0,0.0028702550209849936
2025-07-03 11:14:00+00:00,0.003330631028104547,0.0,0.003330631028104547
2025-07-03 11:15:00+00:00,0.002653649705460781,0.0,0.002653649705460781
2025-07-03 11:16:00+00:00,0.0019314117561060919,0.0,0.0019314117561060919
2025-07-03 11:17:00+00:00,0.001214266658563612,0.0,0.001214266658563612
2025-07-03 11:18:00+00:00,0.0018114933099318414,0.0,0.0018114933099318414
2025-07-03 11:19:00+00:00,0.0012825764277510365,0.0,0.0012825764277510365
2025-07-03 11:20:00+00:00,0.0007107946797897842,0.0,0.0007107946797897842
2025-07-03 11:21:00+00:00,0.0010977647208502694,0.0,0.0010977647208502694
2025-07-03 11:22:00+00:00,0.0007865208959688882,0.0,0.0007865208959688882
2025-07-03 11:23:00+00:00,0.000371261741038003,0.0,0.000371261741038003
2025-07-03 11:24:00+00:00,-0.00040735813627114717,-0.00040735813627114717,0.0
2025-07-03 11:25:00+00:00,-0.001052892163638769,-0.001052892163638769,0.0
2025-07-03 11:26:00+00:00,-0.000621505886670249,-0.000621505886670249,0.0
2025-07-03 11:27:00+00:00,-0.0004935892274603587,-0.0004935892274603587,0.0
2025-07-03 11:28:00+00:00,-0.0005614620584311614,-0.0005614620584311614,0.0
2025-07-03 11:29:00+00:00,-0.0001090376190428198,-0.0001090376190428198,0.0
2025-07-03 11:30:00+00:00,-0.00126849916287217,-0.00126849916287217,0.0
2025-07-03 11:31:00+00:00,-0.003374587557337154,-0.003374587557337154,0.0
2025-07-03 11:32:00+00:00,-0.0034032007684218837,-0.0034032007684218837,0.0
2025-07-03 11:33:00+00:00,-0.004673142799905567,-0.004673142799905567,0.0
2025-07-03 11:34:00+00:00,-0.0060057255518074434,-0.0060057255518074434,0.0
2025-07-03 11:35:00+00:00,-0.004103142649627762,-0.004103142649627762,0.0
2025-07-03 11:36:00+00:00,-0.0037731767485339393,-0.0037731767485339393,0.0
2025-07-03 11:37:00+00:00,-0.0050757708799772545,-0.0050757708799772545,0.0
2025-07-03 11:38:00+00:00,-0.0057263275710631185,-0.0057263275710631185,0.0
2025-07-03 11:39:00+00:00,-0.0059210451110077965,-0.0059210451110077965,0.0
2025-07-03 11:40:00+00:00,-0.005168172189202844,-0.005168172189202844,0.0
2025-07-03 11:41:00+00:00,-0.0032108788184602036,-0.0032108788184602036,0.0
2025-07-03 11:42:00+00:00,-0.0025084942688091147,-0.0025084942688091147,0.0
2025-07-03 11:43:00+00:00,-0.001985588411289597,-0.001985588411289597,0.0
2025-07-03 11:44:00+00:00,-0.0009598857142142595,-0.0009598857142142595,0.0
2025-07-03 11:45:00+00:00,-0.0009469742318241013,-0.0009469742318241013,0.0
2025-07-03 11:46:00+00:00,-0.0002910258808335592,-0.0002910258808335592,0.0
2025-07-03 11:47:00+00:00,-0.001180286982440249,-0.001180286982440249,0.0
2025-07-03 11:48:00+00:00,-0.004265102060438891,-0.004265102060438891,0.0
2025-07-03 11:49:00+00:00,-0.006001909149053426,-0.006001909149053426,0.0
2025-07-03 11:50:00+00:00,-0.00742726172081031,-0.00742726172081031,0.0
2025-07-03 11:51:00+00:00,-0.006651223151814716,-0.006651223151814716,0.0
2025-07-03 11:52:00+00:00,-0.005159093643167759,-0.005159093643167759,0.0
2025-07-03 11:53:00+00:00,-0.003922770121192054,-0.003922770121192054,0.0
2025-07-03 11:54:00+00:00,-0.0009881202566952834,-0.0009881202566952834,0.0
2025-07-03 11:55:00+00:00,0.0009448906734814038,0.0,0.0009448906734814038
2025-07-03 11:56:00+00:00,0.0015084318623374152,0.0,0.0015084318623374152
2025-07-03 11:57:00+00:00,0.0018188128048792448,0.0,0.0018188128048792448
2025-07-03 11:58:00+00:00,0.0025882783235614067,0.0,0.0025882783235614067
2025-07-03 11:59:00+00:00,0.0029610766586163854,0.0,0.0029610766586163854
2025-07-03 12:00:00+00:00,0.002420783452105053,0.0,0.002420783452105053
2025-07-03 12:01:00+00:00,0.0026073410407343868,0.0,0.0026073410407343868
2025-07-03 12:02:00+00:00,0.003240134077988299,0.0,0.003240134077988299
2025-07-03 12:03:00+00:00,0.004099298339028676,0.0,0.004099298339028676
2025-07-03 12:04:00+00:00,0.004407789119042967,0.0,0.004407789119042967
2025-07-03 12:05:00+00:00,0.004357674122775568,0.0,0.004357674122775568
2025-07-03 12:06:00+00:00,0.004707281935204951,0.0,0.004707281935204951
2025-07-03 12:07:00+00:00,0.005271990626881419,0.0,0.005271990626881419
2025-07-03 12:08:00+00:00,0.005304488381253929,0.0,0.005304488381253929
2025-07-03 12:09:00+00:00,0.006259584552743704,0.0,0.006259584552743704
2025-07-03 12:10:00+00:00,0.003899553130406491,0.0,0.003899553130406491
2025-07-03 12:11:00+00:00,0.002129199386206815,0.0,0.002129199386206815
2025-07-03 12:12:00+00:00,-0.003012663649804192,-0.003012663649804192,0.0
2025-07-03 12:13:00+00:00,-0.006800428775320242,-0.006800428775320242,0.0
2025-07-03 12:14:00+00:00,-0.006979086317820532,-0.006979086317820532,0.0
2025-07-03 12:15:00+00:00,-0.007410295894226784,-0.007410295894226784,0.0
2025-07-03 12:16:00+00:00,-0.007328511039115579,-0.007328511039115579,0.0
2025-07-03 12:17:00+00:00,-0.007550951989042696,-0.007550951989042696,0.0
2025-07-03 12:18:00+00:00,-0.008573381548765935,-0.008573381548765935,0.0
2025-07-03 12:19:00+00:00,-0.008747737276631425,-0.008747737276631425,0.0
2025-07-03 12:20:00+00:00,-0.0077232822403253965,-0.0077232822403253965,0.0
2025-07-03 12:21:00+00:00,-0.006621713183396349,-0.006621713183396349,0.0
2025-07-03 12:22:00+00:00,-0.00615264103689734,-0.00615264103689734,0.0
2025-07-03 12:23:00+00:00,-0.0035378655712000433,-0.0035378655712000433,0.0
2025-07-03 12:24:00+00:00,-0.00034538881173763053,-0.00034538881173763053,0.0
2025-07-03 12:25:00+00:00,0.0017662589542880754,0.0,0.0017662589542880754
2025-07-03 12:26:00+00:00,0.0030857423197011933,0.0,0.0030857423197011933
2025-07-03 12:27:00+00:00,0.004394105297896486,0.0,0.004394105297896486
2025-07-03 12:28:00+00:00,0.0044171245489553245,0.0,0.0044171245489553245
2025-07-03 12:29:00+00:00,0.004344380626714233,0.0,0.004344380626714233
2025-07-03 12:30:00+00:00,0.021346950338496,0.0,0.021346950338496
2025-07-03 12:31:00+00:00,0.032795799698469894,0.0,0.032795799698469894
2025-07-03 12:32:00+00:00,0.03499611929952992,0.0,0.03499611929952992
2025-07-03 12:33:00+00:00,0.032474503507258196,0.0,0.032474503507258196
2025-07-03 12:34:00+00:00,0.03215685449913967,0.0,0.03215685449913967
2025-07-03 12:35:00+00:00,0.02933490905416901,0.0,0.02933490905416901
2025-07-03 12:36:00+00:00,0.024386213332378566,0.0,0.024386213332378566
2025-07-03 12:37:00+00:00,0.02086105598584522,0.0,0.02086105598584522
2025-07-03 12:38:00+00:00,0.01581268636849266,0.0,0.01581268636849266
2025-07-03 12:39:00+00:00,0.012590906928589274,0.0,0.012590906928589274
2025-07-03 12:40:00+00:00,0.009377839326841414,0.0,0.009377839326841414
2025-07-03 12:41:00+00:00,0.005040939180369602,0.0,0.005040939180369602
2025-07-03 12:42:00+00:00,0.0026916260752453958,0.0,0.0026916260752453958
2025-07-03 12:43:00+00:00,-0.002608959937656176,-0.002608959937656176,0.0
2025-07-03 12:44:00+00:00,-0.006437814010743094,-0.006437814010743094,0.0
2025-07-03 12:45:00+00:00,-0.010252017961563657,-0.010252017961563657,0.0
2025-07-03 12:46:00+00:00,-0.018454125063491797,-0.018454125063491797,0.0
2025-07-03 12:47:00+00:00,-0.024633145619887067,-0.024633145619887067,0.0
2025-07-03 12:48:00+00:00,-0.029891597701205544,-0.029891597701205544,0.0
2025-07-03 12:49:00+00:00,-0.03101285929541612,-0.03101285929541612,0.0
2025-07-03 12:50:00+00:00,-0.026871604057908213,-0.026871604057908213,0.0
2025-07-03 12:51:00+00:00,-0.024054987310846866,-0.024054987310846866,0.0
2025-07-03 12:52:00+00:00,-0.018332394000238842,-0.018332394000238842,0.0
2025-07-03 12:53:00+00:00,-0.014237478631894755,-0.014237478631894755,0.0
2025-07-03 12:54:00+00:00,-0.01070679576261011,-0.01070679576261011,0.0
2025-07-03 12:55:00+00:00,-0.005456825935995173,-0.005456825935995173,0.0
2025-07-03 12:56:00+00:00,-0.003221075065077187,-0.003221075065077187,0.0
2025-07-03 12:57:00+00:00,-0.004898968428423348,-0.004898968428423348,0.0
2025-07-03 12:58:00+00:00,-0.006371646176127971,-0.006371646176127971,0.0
2025-07-03 12:59:00+00:00,-0.006360386536531339,-0.006360386536531339,0.0
2025-07-03 13:00:00+00:00,-0.0038032939708214394,-0.0038032939708214394,0.0
2025-07-03 13:01:00+00:00,-0.0010522544657639602,-0.0010522544657639602,0.0
2025-07-03 13:02:00+00:00,0.003273973082984314,0.0,0.003273973082984314
2025-07-03 13:03:00+00:00,0.005162364746406423,0.0,0.005162364746406423
2025-07-03 13:04:00+00:00,0.007964715973428325,0.0,0.007964715973428325
2025-07-03 13:05:00+00:00,0.009260332353260672,0.0,0.009260332353260672
2025-07-03 13:06:00+00:00,0.01143706191356552,0.0,0.01143706191356552
2025-07-03 13:07:00+00:00,0.009558644540149958,0.0,0.009558644540149958
2025-07-03 13:08:00+00:00,0.007767929840867247,0.0,0.007767929840867247
2025-07-03 13:09:00+00:00,0.004117241907687565,0.0,0.004117241907687565
2025-07-03 13:10:00+00:00,0.0009122655214824082,0.0,0.0009122655214824082
2025-07-03 13:11:00+00:00,-2.8613162666047548e-05,-2.8613162666047548e-05,0.0
2025-07-03 13:12:00+00:00,-0.00392995750843296,-0.00392995750843296,0.0
2025-07-03 13:13:00+00:00,-0.0050253011236777514,-0.0050253011236777514,0.0
2025-07-03 13:14:00+00:00,-0.006207554356775032,-0.006207554356775032,0.0
2025-07-03 13:15:00+00:00,-0.006410891957257216,-0.006410891957257216,0.0
2025-07-03 13:16:00+00:00,-0.005994538490536192,-0.005994538490536192,0.0
2025-07-03 13:17:00+00:00,-0.005478735560020612,-0.005478735560020612,0.0
2025-07-03 13:18:00+00:00,-0.004296120388598424,-0.004296120388598424,0.0
2025-07-03 13:19:00+00:00,-0.0053004696896633615,-0.0053004696896633615,0.0
2025-07-03 13:20:00+00:00,-0.005058128908261588,-0.005058128908261588,0.0
2025-07-03 13:21:00+00:00,-0.002759209064491376,-0.002759209064491376,0.0
2025-07-03 13:22:00+00:00,0.00015291487000427834,0.0,0.00015291487000427834
2025-07-03 13:23:00+00:00,0.0018668607066961362,0.0,0.0018668607066961362
2025-07-03 13:24:00+00:00,0.0021677316901739623,0.0,0.0021677316901739623
2025-07-03 13:25:00+00:00,0.0006177004538434035,0.0,0.0006177004538434035
2025-07-03 13:26:00+00:00,0.0018100849611719623,0.0,0.0018100849611719623
2025-07-03 13:27:00+00:00,0.0037038470203588835,0.0,0.0037038470203588835
2025-07-03 13:28:00+00:00,0.004627622646226397,0.0,0.004627622646226397
2025-07-03 13:29:00+00:00,0.0004491287992586853,0.0,0.0004491287992586853
2025-07-03 13:30:00+00:00,0.0082750386552005,0.0,0.0082750386552005
2025-07-03 13:31:00+00:00,0.011702407321304061,0.0,0.011702407321304061
2025-07-03 13:32:00+00:00,0.0057975122521459945,0.0,0.0057975122521459945
2025-07-03 13:33:00+00:00,-0.0018376562138356124,-0.0018376562138356124,0.0
2025-07-03 13:34:00+00:00,-0.008876536709901675,-0.008876536709901675,0.0
2025-07-03 13:35:00+00:00,-0.0014316565681379446,-0.0014316565681379446,0.0
2025-07-03 13:36:00+00:00,0.002259909815699398,0.0,0.002259909815699398
2025-07-03 13:37:00+00:00,0.004038479686554327,0.0,0.004038479686554327
2025-07-03 13:38:00+00:00,0.0019564920011968523,0.0,0.0019564920011968523
2025-07-03 13:39:00+00:00,-0.0040232144378834715,-0.0040232144378834715,0.0
2025-07-03 13:40:00+00:00,-0.0127742398393287,-0.0127742398393287,0.0
2025-07-03 13:41:00+00:00,-0.01893259262670705,-0.01893259262670705,0.0
2025-07-03 13:42:00+00:00,-0.014905738176232444,-0.014905738176232444,0.0
2025-07-03 13:43:00+00:00,-0.010862427711581298,-0.010862427711581298,0.0
2025-07-03 13:44:00+00:00,-0.00741081709666824,-0.00741081709666824,0.0
2025-07-03 13:45:00+00:00,-0.007046827417885379,-0.007046827417885379,0.0
2025-07-03 13:46:00+00:00,-0.008314793733695465,-0.008314793733695465,0.0
2025-07-03 13:47:00+00:00,-0.006027454931597273,-0.006027454931597273,0.0
2025-07-03 13:48:00+00:00,-0.012703016255062127,-0.012703016255062127,0.0
2025-07-03 13:49:00+00:00,-0.015555344775875415,-0.015555344775875415,0.0
2025-07-03 13:50:00+00:00,-0.013177934444296841,-0.013177934444296841,0.0
2025-07-03 13:51:00+00:00,-0.0072981293976823874,-0.0072981293976823874,0.0
2025-07-03 13:52:00+00:00,-0.005577364442322628,-0.005577364442322628,0.0
2025-07-03 13:53:00+00:00,-0.003669103771010221,-0.003669103771010221,0.0
2025-07-03 13:54:00+00:00,-0.003011349241652063,-0.003011349241652063,0.0
2025-07-03 13:55:00+00:00,2.5878349880298357e-05,0.0,2.5878349880298357e-05
2025-07-03 13:56:00+00:00,-0.003824477012108595,-0.003824477012108595,0.0
2025-07-03 13:57:00+00:00,-0.0007727301789478384,-0.0007727301789478384,0.0
2025-07-03 13:58:00+00:00,-0.001440959057055019,-0.001440959057055019,0.0
2025-07-03 13:59:00+00:00,7.751725607201346e-05,0.0,7.751725607201346e-05
2025-07-03 14:00:00+00:00,0.00522890856664885,0.0,0.00522890856664885
2025-07-03 14:01:00+00:00,0.011143697519596103,0.0,0.011143697519596103
2025-07-03 14:02:00+00:00,0.01926281811519433,0.0,0.01926281811519433
2025-07-03 14:03:00+00:00,0.02414590135447249,0.0,0.02414590135447249
2025-07-03 14:04:00+00:00,0.024775156471028313,0.0,0.024775156471028313
2025-07-03 14:05:00+00:00,0.02839233008809445,0.0,0.02839233008809445
2025-07-03 14:06:00+00:00,0.02915432482051484,0.0,0.02915432482051484
2025-07-03 14:07:00+00:00,0.028033118648211012,0.0,0.028033118648211012
2025-07-03 14:08:00+00:00,0.0214442757226756,0.0,0.0214442757226756
2025-07-03 14:09:00+00:00,0.02028289491548492,0.0,0.02028289491548492
2025-07-03 14:10:00+00:00,0.01601582965517366,0.0,0.01601582965517366
2025-07-03 14:11:00+00:00,0.012420817834697118,0.0,0.012420817834697118
2025-07-03 14:12:00+00:00,0.011576983564051124,0.0,0.011576983564051124
2025-07-03 14:13:00+00:00,0.0123413658879711,0.0,0.0123413658879711
2025-07-03 14:14:00+00:00,0.009910163947885589,0.0,0.009910163947885589
2025-07-03 14:15:00+00:00,0.00557451028830621,0.0,0.00557451028830621
2025-07-03 14:16:00+00:00,0.0008979365170895953,0.0,0.0008979365170895953
2025-07-03 14:17:00+00:00,-0.005663742144101203,-0.005663742144101203,0.0
2025-07-03 14:18:00+00:00,-0.009540113667728313,-0.009540113667728313,0.0
2025-07-03 14:19:00+00:00,-0.007685758988409466,-0.007685758988409466,0.0
2025-07-03 14:20:00+00:00,-0.0048591301047061705,-0.0048591301047061705,0.0
2025-07-03 14:21:00+00:00,-0.0018856702877008552,-0.0018856702877008552,0.0
2025-07-03 14:22:00+00:00,0.002004654717118866,0.0,0.002004654717118866
2025-07-03 14:23:00+00:00,0.007799152478221855,0.0,0.007799152478221855
2025-07-03 14:24:00+00:00,0.0110130802267814,0.0,0.0110130802267814
2025-07-03 14:25:00+00:00,0.008567771116326756,0.0,0.008567771116326756
2025-07-03 14:26:00+00:00,0.006832169589220324,0.0,0.006832169589220324
2025-07-03 14:27:00+00:00,0.004021368634090666,0.0,0.004021368634090666
2025-07-03 14:28:00+00:00,0.00131301146387168,0.0,0.00131301146387168
2025-07-03 14:29:00+00:00,-0.0009432630982584428,-0.0009432630982584428,0.0
2025-07-03 14:30:00+00:00,-0.005284642400554609,-0.005284642400554609,0.0
2025-07-03 14:31:00+00:00,-0.009972158311834546,-0.009972158311834546,0.0
2025-07-03 14:32:00+00:00,-0.01596110452100448,-0.01596110452100448,0.0
2025-07-03 14:33:00+00:00,-0.0233726979429124,-0.0233726979429124,0.0
2025-07-03 14:34:00+00:00,-0.026173439255087673,-0.026173439255087673,0.0
2025-07-03 14:35:00+00:00,-0.026107457331680656,-0.026107457331680656,0.0
2025-07-03 14:36:00+00:00,-0.0197660594245072,-0.0197660594245072,0.0
2025-07-03 14:37:00+00:00,-0.014884141168396373,-0.014884141168396373,0.0
2025-07-03 14:38:00+00:00,-0.013691697288960783,-0.013691697288960783,0.0
2025-07-03 14:39:00+00:00,-0.014204871564560302,-0.014204871564560302,0.0
2025-07-03 14:40:00+00:00,-0.013813287122742596,-0.013813287122742596,0.0
2025-07-03 14:41:00+00:00,-0.013947707256990545,-0.013947707256990545,0.0
2025-07-03 14:42:00+00:00,-0.014717596082003471,-0.014717596082003471,0.0
2025-07-03 14:43:00+00:00,-0.012767778584284226,-0.012767778584284226,0.0
2025-07-03 14:44:00+00:00,-0.010360659172298524,-0.010360659172298524,0.0
2025-07-03 14:45:00+00:00,-0.007010052719575614,-0.007010052719575614,0.0
2025-07-03 14:46:00+00:00,-0.006399491758574575,-0.006399491758574575,0.0
2025-07-03 14:47:00+00:00,-0.00737697847977703,-0.00737697847977703,0.0
2025-07-03 14:48:00+00:00,-0.005522907228417039,-0.005522907228417039,0.0
2025-07-03 14:49:00+00:00,-0.007403177376706933,-0.007403177376706933,0.0
2025-07-03 14:50:00+00:00,-0.005765030417576436,-0.005765030417576436,0.0
2025-07-03 14:51:00+00:00,-0.008037875242153946,-0.008037875242153946,0.0
2025-07-03 14:52:00+00:00,-0.007806354105046695,-0.007806354105046695,0.0
2025-07-03 14:53:00+00:00,-0.005482566284377273,-0.005482566284377273,0.0
2025-07-03 14:54:00+00:00,-0.0015738011773456725,-0.0015738011773456725,0.0
2025-07-03 14:55:00+00:00,0.0016784191033918441,0.0,0.0016784191033918441
2025-07-03 14:56:00+00:00,0.003432224996001137,0.0,0.003432224996001137
2025-07-03 14:57:00+00:00,0.00428111073530929,0.0,0.00428111073530929
2025-07-03 14:58:00+00:00,0.005146729181404686,0.0,0.005146729181404686
2025-07-03 14:59:00+00:00,0.004370286182313346,0.0,0.004370286182313346
2025-07-03 15:00:00+00:00,0.0031569679817907634,0.0,0.0031569679817907634
2025-07-03 15:01:00+00:00,0.003155749314566497,0.0,0.003155749314566497
2025-07-03 15:02:00+00:00,0.004468717887659394,0.0,0.004468717887659394
2025-07-03 15:03:00+00:00,0.0026973206397128136,0.0,0.0026973206397128136
2025-07-03 15:04:00+00:00,0.001313032714336762,0.0,0.001313032714336762
2025-07-03 15:05:00+00:00,0.0015173046824636174,0.0,0.0015173046824636174
2025-07-03 15:06:00+00:00,0.004298530293358499,0.0,0.004298530293358499
2025-07-03 15:07:00+00:00,0.007901170223152953,0.0,0.007901170223152953
2025-07-03 15:08:00+00:00,0.00798273220215693,0.0,0.00798273220215693
2025-07-03 15:09:00+00:00,0.0023249093511041267,0.0,0.0023249093511041267
2025-07-03 15:10:00+00:00,-0.0008953654932087711,-0.0008953654932087711,0.0
2025-07-03 15:11:00+00:00,-0.0014597146651239637,-0.0014597146651239637,0.0
2025-07-03 15:12:00+00:00,-0.0016028232546346152,-0.0016028232546346152,0.0
2025-07-03 15:13:00+00:00,0.002039220249245728,0.0,0.002039220249245728
2025-07-03 15:14:00+00:00,0.004986359148780194,0.0,0.004986359148780194
2025-07-03 15:15:00+00:00,0.006381203301799223,0.0,0.006381203301799223
2025-07-03 15:16:00+00:00,0.007213212869947647,0.0,0.007213212869947647
2025-07-03 15:17:00+00:00,0.009808575272792604,0.0,0.009808575272792604
2025-07-03 15:18:00+00:00,0.010351333958260552,0.0,0.010351333958260552
2025-07-03 15:19:00+00:00,0.007660130692731888,0.0,0.007660130692731888
2025-07-03 15:20:00+00:00,0.006537241975099418,0.0,0.006537241975099418
2025-07-03 15:21:00+00:00,0.005503186759924096,0.0,0.005503186759924096
2025-07-03 15:22:00+00:00,0.00552373962762836,0.0,0.00552373962762836
2025-07-03 15:23:00+00:00,0.005872544956200216,0.0,0.005872544956200216
2025-07-03 15:24:00+00:00,0.006886818909793351,0.0,0.006886818909793351
2025-07-03 15:25:00+00:00,0.009181067227005964,0.0,0.009181067227005964
2025-07-03 15:26:00+00:00,0.008798721063236231,0.0,0.008798721063236231
2025-07-03 15:27:00+00:00,0.004824196571118411,0.0,0.004824196571118411
2025-07-03 15:28:00+00:00,0.004922015842990905,0.0,0.004922015842990905
2025-07-03 15:29:00+00:00,0.007434701612872187,0.0,0.007434701612872187
2025-07-03 15:30:00+00:00,0.012001545360260123,0.0,0.012001545360260123
2025-07-03 15:31:00+00:00,0.01727643353446552,0.0,0.01727643353446552
2025-07-03 15:32:00+00:00,0.015340184058143448,0.0,0.015340184058143448
2025-07-03 15:33:00+00:00,0.014375172644512029,0.0,0.014375172644512029
2025-07-03 15:34:00+00:00,0.00964608272855879,0.0,0.00964608272855879
2025-07-03 15:35:00+00:00,0.01092679656690946,0.0,0.01092679656690946
2025-07-03 15:36:00+00:00,0.00957711226869809,0.0,0.00957711226869809
2025-07-03 15:37:00+00:00,0.009173994669149386,0.0,0.009173994669149386
2025-07-03 15:38:00+00:00,0.009058064653076785,0.0,0.009058064653076785
2025-07-03 15:39:00+00:00,0.006503809648223766,0.0,0.006503809648223766
2025-07-03 15:40:00+00:00,0.00582056246912635,0.0,0.00582056246912635
2025-07-03 15:41:00+00:00,0.00621132389341101,0.0,0.00621132389341101
2025-07-03 15:42:00+00:00,0.00611742099695279,0.0,0.00611742099695279
2025-07-03 15:43:00+00:00,0.0022390386872091425,0.0,0.0022390386872091425
2025-07-03 15:44:00+00:00,0.00011161231087285922,0.0,0.00011161231087285922
2025-07-03 15:45:00+00:00,-0.004853119875077826,-0.004853119875077826,0.0
2025-07-03 15:46:00+00:00,-0.010603760066713777,-0.010603760066713777,0.0
2025-07-03 15:47:00+00:00,-0.012928431522364711,-0.012928431522364711,0.0
2025-07-03 15:48:00+00:00,-0.011754670436934359,-0.011754670436934359,0.0
2025-07-03 15:49:00+00:00,-0.011058568350323233,-0.011058568350323233,0.0
2025-07-03 15:50:00+00:00,-0.011815475960163524,-0.011815475960163524,0.0
2025-07-03 15:51:00+00:00,-0.012727262921655848,-0.012727262921655848,0.0
2025-07-03 15:52:00+00:00,-0.013710374005468328,-0.013710374005468328,0.0
2025-07-03 15:53:00+00:00,-0.015178709487465147,-0.015178709487465147,0.0
2025-07-03 15:54:00+00:00,-0.01662262624337264,-0.01662262624337264,0.0
2025-07-03 15:55:00+00:00,-0.016380507987762638,-0.016380507987762638,0.0
2025-07-03 15:56:00+00:00,-0.015165463427249514,-0.015165463427249514,0.0
2025-07-03 15:57:00+00:00,-0.015916061778680622,-0.015916061778680622,0.0
2025-07-03 15:58:00+00:00,-0.014504544977803818,-0.014504544977803818,0.0
2025-07-03 15:59:00+00:00,-0.013648649087596686,-0.013648649087596686,0.0
2025-07-03 16:00:00+00:00,-0.011099836289861836,-0.011099836289861836,0.0
2025-07-03 16:01:00+00:00,-0.008874603454492428,-0.008874603454492428,0.0
2025-07-03 16:02:00+00:00,-0.005034077722045718,-0.005034077722045718,0.0
2025-07-03 16:03:00+00:00,-0.0013346174424312112,-0.0013346174424312112,0.0
2025-07-03 16:04:00+00:00,0.00018376940466862356,0.0,0.00018376940466862356
2025-07-03 16:05:00+00:00,0.0012059696743768646,0.0,0.0012059696743768646
2025-07-03 16:06:00+00:00,0.004579468212662577,0.0,0.004579468212662577
2025-07-03 16:07:00+00:00,0.005716698008539505,0.0,0.005716698008539505
2025-07-03 16:08:00+00:00,0.00618373546828511,0.0,0.00618373546828511
2025-07-03 16:09:00+00:00,0.00714939745343602,0.0,0.00714939745343602
2025-07-03 16:10:00+00:00,0.004365685356245669,0.0,0.004365685356245669
2025-07-03 16:11:00+00:00,0.003528826410596655,0.0,0.003528826410596655
2025-07-03 16:12:00+00:00,0.003143941358986925,0.0,0.003143941358986925
2025-07-03 16:13:00+00:00,0.002410797015507208,0.0,0.002410797015507208
2025-07-03 16:14:00+00:00,0.0031005135668806653,0.0,0.0031005135668806653
2025-07-03 16:15:00+00:00,-0.0001538775698611283,-0.0001538775698611283,0.0
2025-07-03 16:16:00+00:00,-0.00028490629182997937,-0.00028490629182997937,0.0
2025-07-03 16:17:00+00:00,-0.0006907538606116157,-0.0006907538606116157,0.0
2025-07-03 16:18:00+00:00,-0.0009141511386401653,-0.0009141511386401653,0.0
2025-07-03 16:19:00+00:00,-0.0022921327619876597,-0.0022921327619876597,0.0
2025-07-03 16:20:00+00:00,-0.00638401748474339,-0.00638401748474339,0.0
2025-07-03 16:21:00+00:00,-0.009727015566422116,-0.009727015566422116,0.0
2025-07-03 16:22:00+00:00,-0.01204583177291128,-0.01204583177291128,0.0
2025-07-03 16:23:00+00:00,-0.013305665369255402,-0.013305665369255402,0.0
2025-07-03 16:24:00+00:00,-0.013320366074719762,-0.013320366074719762,0.0
2025-07-03 16:25:00+00:00,-0.010915306034212782,-0.010915306034212782,0.0
2025-07-03 16:26:00+00:00,-0.007809543702554506,-0.007809543702554506,0.0
2025-07-03 16:27:00+00:00,-0.0039373537010600895,-0.0039373537010600895,0.0
2025-07-03 16:28:00+00:00,-0.0014508170491453268,-0.0014508170491453268,0.0
2025-07-03 16:29:00+00:00,-0.0025125292794615575,-0.0025125292794615575,0.0
2025-07-03 16:30:00+00:00,-0.00477956693892248,-0.00477956693892248,0.0
2025-07-03 16:31:00+00:00,-0.005770577384496468,-0.005770577384496468,0.0
2025-07-03 16:32:00+00:00,-0.006509345547562419,-0.006509345547562419,0.0
2025-07-03 16:33:00+00:00,-0.004496506551682683,-0.004496506551682683,0.0
2025-07-03 16:34:00+00:00,-0.0032538255538474767,-0.0032538255538474767,0.0
2025-07-03 16:35:00+00:00,-0.001581563443439661,-0.001581563443439661,0.0
2025-07-03 16:36:00+00:00,-0.0005282088182457373,-0.0005282088182457373,0.0
2025-07-03 16:37:00+00:00,0.0010404768474101024,0.0,0.0010404768474101024
2025-07-03 16:38:00+00:00,0.0025284691545941103,0.0,0.0025284691545941103
2025-07-03 16:39:00+00:00,0.0026057652434331793,0.0,0.0026057652434331793
2025-07-03 16:40:00+00:00,0.006256109684789499,0.0,0.006256109684789499
2025-07-03 16:41:00+00:00,0.008500583505307972,0.0,0.008500583505307972
2025-07-03 16:42:00+00:00,0.007991010825294746,0.0,0.007991010825294746
2025-07-03 16:43:00+00:00,0.0058211905627571225,0.0,0.0058211905627571225
2025-07-03 16:44:00+00:00,0.0024240576854803984,0.0,0.0024240576854803984
2025-07-03 16:45:00+00:00,0.0006000280092049552,0.0,0.0006000280092049552
2025-07-03 16:46:00+00:00,-0.006123475091983133,-0.006123475091983133,0.0
2025-07-03 16:47:00+00:00,-0.011435220120080868,-0.011435220120080868,0.0
2025-07-03 16:48:00+00:00,-0.013974910844211728,-0.013974910844211728,0.0
2025-07-03 16:49:00+00:00,-0.016520293349333283,-0.016520293349333283,0.0
2025-07-03 16:50:00+00:00,-0.010601860808991975,-0.010601860808991975,0.0
2025-07-03 16:51:00+00:00,-0.009071286844421801,-0.009071286844421801,0.0
2025-07-03 16:52:00+00:00,-0.011320526036946332,-0.011320526036946332,0.0
2025-07-03 16:53:00+00:00,-0.008928387658502408,-0.008928387658502408,0.0
2025-07-03 16:54:00+00:00,-0.0034130856630317577,-0.0034130856630317577,0.0
2025-07-03 16:55:00+00:00,0.002795620627482731,0.0,0.002795620627482731
2025-07-03 16:56:00+00:00,0.005329091170595837,0.0,0.005329091170595837
2025-07-03 16:57:00+00:00,0.008260308165681143,0.0,0.008260308165681143
2025-07-03 16:58:00+00:00,0.009794150745355362,0.0,0.009794150745355362
2025-07-03 16:59:00+00:00,0.013616881087274789,0.0,0.013616881087274789
2025-07-03 17:00:00+00:00,0.015573182838114815,0.0,0.015573182838114815
2025-07-03 17:01:00+00:00,0.015583419664392736,0.0,0.015583419664392736
2025-07-03 17:02:00+00:00,0.014337846300530043,0.0,0.014337846300530043
2025-07-03 17:03:00+00:00,0.012337771600552569,0.0,0.012337771600552569
2025-07-03 17:04:00+00:00,0.01186242870471667,0.0,0.01186242870471667
2025-07-03 17:05:00+00:00,0.011051522741163758,0.0,0.011051522741163758
2025-07-03 17:06:00+00:00,0.009415817850649984,0.0,0.009415817850649984
2025-07-03 17:07:00+00:00,0.007327430771461205,0.0,0.007327430771461205
2025-07-03 17:08:00+00:00,0.005048087270995401,0.0,0.005048087270995401
2025-07-03 17:09:00+00:00,0.002757037325832214,0.0,0.002757037325832214
2025-07-03 17:10:00+00:00,0.001848820062423419,0.0,0.001848820062423419
2025-07-03 17:11:00+00:00,0.0006381963362878918,0.0,0.0006381963362878918
2025-07-03 17:12:00+00:00,-0.0008275969120903129,-0.0008275969120903129,0.0
2025-07-03 17:13:00+00:00,0.0002419243079218869,0.0,0.0002419243079218869
2025-07-03 17:14:00+00:00,0.0009293841409034219,0.0,0.0009293841409034219
2025-07-03 17:15:00+00:00,0.0019773959015596,0.0,0.0019773959015596
2025-07-03 17:16:00+00:00,0.0012774193174017083,0.0,0.0012774193174017083
2025-07-03 17:17:00+00:00,0.000791973211410061,0.0,0.000791973211410061
2025-07-03 17:18:00+00:00,0.0011028101110557328,0.0,0.0011028101110557328
2025-07-03 17:19:00+00:00,0.0012557570226524842,0.0,0.0012557570226524842
2025-07-03 17:20:00+00:00,0.0013052434608606255,0.0,0.0013052434608606255
2025-07-03 17:21:00+00:00,0.0012715502712111418,0.0,0.0012715502712111418
2025-07-03 17:22:00+00:00,0.0012101169002010706,0.0,0.0012101169002010706
2025-07-03 17:23:00+00:00,0.0010934682602688427,0.0,0.0010934682602688427
2025-07-03 17:24:00+00:00,0.000326803099548596,0.0,0.000326803099548596
2025-07-03 17:25:00+00:00,-0.00016965818110062613,-0.00016965818110062613,0.0
2025-07-03 17:26:00+00:00,-0.003016673684760664,-0.003016673684760664,0.0
2025-07-03 17:27:00+00:00,-0.004640907150942032,-0.004640907150942032,0.0
2025-07-03 17:28:00+00:00,-0.005396620190509013,-0.005396620190509013,0.0
2025-07-03 17:29:00+00:00,-0.006194222375557331,-0.006194222375557331,0.0
2025-07-03 17:30:00+00:00,-0.005685797078838914,-0.005685797078838914,0.0
2025-07-03 17:31:00+00:00,-0.005010649109211439,-0.005010649109211439,0.0
2025-07-03 17:32:00+00:00,-0.003623179815686396,-0.003623179815686396,0.0
2025-07-03 17:33:00+00:00,-0.003755483171428429,-0.003755483171428429,0.0
2025-07-03 17:34:00+00:00,-0.003548502238155258,-0.003548502238155258,0.0
2025-07-03 17:35:00+00:00,-0.0025125956746775892,-0.0025125956746775892,0.0
2025-07-03 17:36:00+00:00,-0.0022565380159936966,-0.0022565380159936966,0.0
2025-07-03 17:37:00+00:00,-0.0018593777634678642,-0.0018593777634678642,0.0
2025-07-03 17:38:00+00:00,-0.00079047299752639,-0.00079047299752639,0.0
2025-07-03 17:39:00+00:00,2.6204770284315657e-05,0.0,2.6204770284315657e-05
2025-07-03 17:40:00+00:00,2.288887902888656e-05,0.0,2.288887902888656e-05
2025-07-03 17:41:00+00:00,0.00013753337609213358,0.0,0.00013753337609213358
2025-07-03 17:42:00+00:00,-0.0003183867992519497,-0.0003183867992519497,0.0
2025-07-03 17:43:00+00:00,-0.0004882687616754502,-0.0004882687616754502,0.0
2025-07-03 17:44:00+00:00,-0.0010942622626690136,-0.0010942622626690136,0.0
2025-07-03 17:45:00+00:00,-0.0013011641632604959,-0.0013011641632604959,0.0
2025-07-03 17:46:00+00:00,-0.0006059347863853429,-0.0006059347863853429,0.0
2025-07-03 17:47:00+00:00,-2.488943134150781e-05,-2.488943134150781e-05,0.0
2025-07-03 17:48:00+00:00,-0.00017122814407512232,-0.00017122814407512232,0.0
2025-07-03 17:49:00+00:00,0.0004981742255757982,0.0,0.0004981742255757982
2025-07-03 17:50:00+00:00,0.000379050940366589,0.0,0.000379050940366589
2025-07-03 17:51:00+00:00,0.0004028706284510634,0.0,0.0004028706284510634
2025-07-03 17:52:00+00:00,0.0011459121836613542,0.0,0.0011459121836613542
2025-07-03 17:53:00+00:00,0.002310948372498095,0.0,0.002310948372498095
2025-07-03 17:54:00+00:00,0.003661378848589237,0.0,0.003661378848589237
2025-07-03 17:55:00+00:00,0.004423460946780847,0.0,0.004423460946780847
2025-07-03 17:56:00+00:00,0.0047539825820070835,0.0,0.0047539825820070835
2025-07-03 17:57:00+00:00,0.004798612234305631,0.0,0.004798612234305631
2025-07-03 17:58:00+00:00,0.004644391995909264,0.0,0.004644391995909264
2025-07-03 17:59:00+00:00,0.004363035469301387,0.0,0.004363035469301387
2025-07-03 18:00:00+00:00,0.004000415547555388,0.0,0.004000415547555388
2025-07-03 18:01:00+00:00,0.00360951621610212,0.0,0.00360951621610212
2025-07-03 18:02:00+00:00,0.0032067749034242737,0.0,0.0032067749034242737
2025-07-03 18:03:00+00:00,0.002810414742773058,0.0,0.002810414742773058
2025-07-03 18:04:00+00:00,0.003070603153649162,0.0,0.003070603153649162
2025-07-03 18:05:00+00:00,0.004359842095735373,0.0,0.004359842095735373
2025-07-03 18:06:00+00:00,0.004940195700653054,0.0,0.004940195700653054
2025-07-03 18:07:00+00:00,0.005672727547543563,0.0,0.005672727547543563
2025-07-03 18:08:00+00:00,0.006449311944898912,0.0,0.006449311944898912
2025-07-03 18:09:00+00:00,0.006559921865434651,0.0,0.006559921865434651
2025-07-03 18:10:00+00:00,0.00655145046137574,0.0,0.00655145046137574
2025-07-03 18:11:00+00:00,0.005809294789667525,0.0,0.005809294789667525
2025-07-03 18:12:00+00:00,0.004964796353422689,0.0,0.004964796353422689
2025-07-03 18:13:00+00:00,0.003457310811602955,0.0,0.003457310811602955
2025-07-03 18:14:00+00:00,0.002856248979453656,0.0,0.002856248979453656
2025-07-03 18:15:00+00:00,0.002222901548036454,0.0,0.002222901548036454
2025-07-03 18:16:00+00:00,0.0009592761669285944,0.0,0.0009592761669285944
2025-07-03 18:17:00+00:00,-3.545404640269839e-06,-3.545404640269839e-06,0.0
2025-07-03 18:18:00+00:00,-0.001352761302881476,-0.001352761302881476,0.0
2025-07-03 18:19:00+00:00,-0.0028767321022531885,-0.0028767321022531885,0.0
2025-07-03 18:20:00+00:00,-0.003785613528002366,-0.003785613528002366,0.0
2025-07-03 18:21:00+00:00,-0.00362090073365667,-0.00362090073365667,0.0
2025-07-03 18:22:00+00:00,-0.0034090747381970016,-0.0034090747381970016,0.0
2025-07-03 18:23:00+00:00,-0.0031774351651929662,-0.0031774351651929662,0.0
2025-07-03 18:24:00+00:00,-0.002300101099167221,-0.002300101099167221,0.0
2025-07-03 18:25:00+00:00,-0.0016969837780756282,-0.0016969837780756282,0.0
2025-07-03 18:26:00+00:00,-0.0012934888375275445,-0.0012934888375275445,0.0
2025-07-03 18:27:00+00:00,-0.0016714937247700136,-0.0016714937247700136,0.0
2025-07-03 18:28:00+00:00,-0.0018775256126123381,-0.0018775256126123381,0.0
2025-07-03 18:29:00+00:00,-0.0006843350870801663,-0.0006843350870801663,0.0
2025-07-03 18:30:00+00:00,-0.0012278348939025099,-0.0012278348939025099,0.0
2025-07-03 18:31:00+00:00,-0.0015458338709741486,-0.0015458338709741486,0.0
2025-07-03 18:32:00+00:00,-0.0004706190850271002,-0.0004706190850271002,0.0
2025-07-03 18:33:00+00:00,-0.00042178728748352035,-0.00042178728748352035,0.0
2025-07-03 18:34:00+00:00,0.00020742817759959644,0.0,0.00020742817759959644
2025-07-03 18:35:00+00:00,0.0005670735565274192,0.0,0.0005670735565274192
2025-07-03 18:36:00+00:00,0.0013502615201525263,0.0,0.0013502615201525263
2025-07-03 18:37:00+00:00,0.0010911945005495543,0.0,0.0010911945005495543
2025-07-03 18:38:00+00:00,0.0008281325557305246,0.0,0.0008281325557305246
2025-07-03 18:39:00+00:00,0.0011998824348199415,0.0,0.0011998824348199415
2025-07-03 18:40:00+00:00,0.0006773260390885646,0.0,0.0006773260390885646
2025-07-03 18:41:00+00:00,0.00025826194076323215,0.0,0.00025826194076323215
2025-07-03 18:42:00+00:00,0.0005636208489493682,0.0,0.0005636208489493682
2025-07-03 18:43:00+00:00,0.0006675654005609414,0.0,0.0006675654005609414
2025-07-03 18:44:00+00:00,0.0006319151073987846,0.0,0.0006319151073987846
2025-07-03 18:45:00+00:00,-0.0001162150505559104,-0.0001162150505559104,0.0
2025-07-03 18:46:00+00:00,-0.0012778124544031832,-0.0012778124544031832,0.0
2025-07-03 18:47:00+00:00,-0.0019965812311901416,-0.0019965812311901416,0.0
2025-07-03 18:48:00+00:00,-0.0017573873058869885,-0.0017573873058869885,0.0
2025-07-03 18:49:00+00:00,-0.0015644710555822675,-0.0015644710555822675,0.0
2025-07-03 18:50:00+00:00,-0.0014071079980383112,-0.0014071079980383112,0.0
2025-07-03 18:51:00+00:00,-0.0012770711406864498,-0.0012770711406864498,0.0
2025-07-03 18:52:00+00:00,-0.0018062444978840216,-0.0018062444978840216,0.0
2025-07-03 18:53:00+00:00,-0.0014403878318025123,-0.0014403878318025123,0.0
2025-07-03 18:54:00+00:00,-0.0011676162006748559,-0.0011676162006748559,0.0
2025-07-03 18:55:00+00:00,-0.0009648263722310158,-0.0009648263722310158,0.0
2025-07-03 18:56:00+00:00,-0.0014525079635505788,-0.0014525079635505788,0.0
2025-07-03 18:57:00+00:00,-0.0017059113916145677,-0.0017059113916145677,0.0
2025-07-03 18:58:00+00:00,-0.0017953018621089804,-0.0017953018621089804,0.0
2025-07-03 18:59:00+00:00,-0.0017731143359888013,-0.0017731143359888013,0.0
2025-07-03 19:00:00+00:00,-0.0016781137037576689,-0.0016781137037576689,0.0
2025-07-03 19:01:00+00:00,-0.0021768071949651996,-0.0021768071949651996,0.0
2025-07-03 19:02:00+00:00,-0.0023783363020198124,-0.0023783363020198124,0.0
2025-07-03 19:03:00+00:00,-0.0017394466936199661,-0.0017394466936199661,0.0
2025-07-03 19:04:00+00:00,-0.001241502652283394,-0.001241502652283394,0.0
2025-07-03 19:05:00+00:00,-0.000855173975596375,-0.000855173975596375,0.0
2025-07-03 19:06:00+00:00,-0.0005571065202603584,-0.0005571065202603584,0.0
2025-07-03 19:07:00+00:00,-0.00032871491865091394,-0.00032871491865091394,0.0
2025-07-03 19:08:00+00:00,-0.0001552182496814996,-0.0001552182496814996,0.0
2025-07-03 19:09:00+00:00,-0.0006630465074612428,-0.0006630465074612428,0.0
2025-07-03 19:10:00+00:00,-0.0003061938727476419,-0.0003061938727476419,0.0
2025-07-03 19:11:00+00:00,-3.803450593576393e-05,-3.803450593576393e-05,0.0
2025-07-03 19:12:00+00:00,0.00016694473642794947,0.0,0.00016694473642794947
2025-07-03 19:13:00+00:00,0.00028290745107433304,0.0,0.00028290745107433304
2025-07-03 19:14:00+00:00,0.00098091097481591,0.0,0.00098091097481591
2025-07-03 19:16:00+00:00,0.0013922506364068999,0.0,0.0013922506364068999
2025-07-03 19:17:00+00:00,0.002224591722620142,0.0,0.002224591722620142
2025-07-03 19:18:00+00:00,0.001995752079643076,0.0,0.001995752079643076
2025-07-03 19:19:00+00:00,0.002385585619983823,0.0,0.002385585619983823
2025-07-03 19:20:00+00:00,0.0018609652990483664,0.0,0.0018609652990483664
2025-07-03 19:21:00+00:00,0.0014246195997258664,0.0,0.0014246195997258664
2025-07-03 19:22:00+00:00,0.0010632296894112366,0.0,0.0010632296894112366
2025-07-03 19:23:00+00:00,0.0007653419562447701,0.0,0.0007653419562447701
2025-07-03 19:24:00+00:00,0.0005211275555515285,0.0,0.0005211275555515285
2025-07-03 19:25:00+00:00,0.000322168927144581,0.0,0.000322168927144581
2025-07-03 19:26:00+00:00,0.0007994478301467265,0.0,0.0007994478301467265
2025-07-03 19:27:00+00:00,0.000403765954885484,0.0,0.000403765954885484
2025-07-03 19:28:00+00:00,0.000744340952911521,0.0,0.000744340952911521
2025-07-03 19:29:00+00:00,0.00025686597771129365,0.0,0.00025686597771129365
2025-07-03 19:30:00+00:00,-0.0013628225227022136,-0.0013628225227022136,0.0
2025-07-03 19:31:00+00:00,-0.001689617715761537,-0.001689617715761537,0.0
2025-07-03 19:32:00+00:00,-0.003093218454855817,-0.003093218454855817,0.0
2025-07-03 19:33:00+00:00,-0.006380227717498634,-0.006380227717498634,0.0
2025-07-03 19:34:00+00:00,-0.0055490737965886005,-0.0055490737965886005,0.0
2025-07-03 19:35:00+00:00,-0.004739509826468657,-0.004739509826468657,0.0
2025-07-03 19:36:00+00:00,-0.00394320556677937,-0.00394320556677937,0.0
2025-07-03 19:37:00+00:00,-0.0025561735869205,-0.0025561735869205,0.0
2025-07-03 19:38:00+00:00,-0.0015103277925926526,-0.0015103277925926526,0.0
2025-07-03 19:39:00+00:00,-0.0013678901498322873,-0.0013678901498322873,0.0
2025-07-03 19:40:00+00:00,-0.0005196870764444233,-0.0005196870764444233,0.0
2025-07-03 19:41:00+00:00,-0.0005487569151711759,-0.0005487569151711759,0.0
2025-07-03 19:42:00+00:00,-0.001124909802620146,-0.001124909802620146,0.0
2025-07-03 19:43:00+00:00,-0.002011196962849039,-0.002011196962849039,0.0
2025-07-03 19:44:00+00:00,-0.0024026490766217287,-0.0024026490766217287,0.0
2025-07-03 19:45:00+00:00,-0.003734304756278506,-0.003734304756278506,0.0
2025-07-03 19:46:00+00:00,-0.004300589712809666,-0.004300589712809666,0.0
2025-07-03 19:47:00+00:00,-0.00370949098257025,-0.00370949098257025,0.0
2025-07-03 19:48:00+00:00,-0.0030472931433858704,-0.0030472931433858704,0.0
2025-07-03 19:49:00+00:00,-0.0017428867622018042,-0.0017428867622018042,0.0
2025-07-03 19:50:00+00:00,-0.0007321581267804717,-0.0007321581267804717,0.0
2025-07-03 19:51:00+00:00,0.0006749785301251136,0.0,0.0006749785301251136
2025-07-03 19:52:00+00:00,0.0009916834702612485,0.0,0.0009916834702612485
2025-07-03 19:53:00+00:00,-0.0006639070179854586,-0.0006639070179854586,0.0
2025-07-03 19:54:00+00:00,-0.0015783892545144281,-0.0015783892545144281,0.0
2025-07-03 19:55:00+00:00,-0.001332264653620423,-0.001332264653620423,0.0
2025-07-03 19:56:00+00:00,-0.0009939730347845125,-0.0009939730347845125,0.0
2025-07-03 19:57:00+00:00,-0.0012579396592854852,-0.0012579396592854852,0.0
2025-07-03 19:58:00+00:00,3.184449708217019e-05,0.0,3.184449708217019e-05
2025-07-03 19:59:00+00:00,0.00030689266403546335,0.0,0.00030689266403546335
2025-07-03 20:00:00+00:00,0.0012199228307794487,0.0,0.0012199228307794487
2025-07-03 20:01:00+00:00,0.0011994497115422383,0.0,0.0011994497115422383
2025-07-03 20:02:00+00:00,0.0012176273692488006,0.0,0.0012176273692488006
2025-07-03 20:03:00+00:00,0.0006500346569611216,0.0,0.0006500346569611216
2025-07-03 20:04:00+00:00,0.00035621458508288545,0.0,0.00035621458508288545
2025-07-03 20:05:00+00:00,0.0002549623153191797,0.0,0.0002549623153191797
2025-07-03 20:06:00+00:00,0.0009364564511871593,0.0,0.0009364564511871593
2025-07-03 20:07:00+00:00,0.0013942342109272924,0.0,0.0013942342109272924
2025-07-03 20:08:00+00:00,0.0017101427373431757,0.0,0.0017101427373431757
2025-07-03 20:09:00+00:00,0.0025420852739943267,0.0,0.0025420852739943267
2025-07-03 20:10:00+00:00,0.002378090692008228,0.0,0.002378090692008228
2025-07-03 20:11:00+00:00,0.0009420985648797685,0.0,0.0009420985648797685
2025-07-03 20:12:00+00:00,-0.0005543234301806158,-0.0005543234301806158,0.0
2025-07-03 20:13:00+00:00,-0.002021676899577357,-0.002021676899577357,0.0
2025-07-03 20:14:00+00:00,-0.002112928599740393,-0.002112928599740393,0.0
2025-07-03 20:15:00+00:00,-0.0019702436520509705,-0.0019702436520509705,0.0
2025-07-03 20:16:00+00:00,-0.0016839209425011312,-0.0016839209425011312,0.0
2025-07-03 20:17:00+00:00,-4.2387103306656265e-05,-4.2387103306656265e-05,0.0
2025-07-03 20:18:00+00:00,-0.00017733151036927915,-0.00017733151036927915,0.0
2025-07-03 20:19:00+00:00,-0.00014828837292457653,-0.00014828837292457653,0.0
2025-07-03 20:20:00+00:00,-4.3172595136996283e-05,-4.3172595136996283e-05,0.0
2025-07-03 20:21:00+00:00,-0.0005148192428740799,-0.0005148192428740799,0.0
2025-07-03 20:22:00+00:00,-0.001960248169539167,-0.001960248169539167,0.0
2025-07-03 20:23:00+00:00,-0.002659432112091459,-0.002659432112091459,0.0
2025-07-03 20:24:00+00:00,-0.003486347032601639,-0.003486347032601639,0.0
2025-07-03 20:25:00+00:00,-0.0037038502807087374,-0.0037038502807087374,0.0
2025-07-03 20:26:00+00:00,-0.004157719033327817,-0.004157719033327817,0.0
2025-07-03 20:27:00+00:00,-0.0040882916341428155,-0.0040882916341428155,0.0
2025-07-03 20:28:00+00:00,-0.0030470171621337777,-0.0030470171621337777,0.0
2025-07-03 20:29:00+00:00,-0.001444248332681964,-0.001444248332681964,0.0
2025-07-03 20:30:00+00:00,-0.0008466270506802959,-0.0008466270506802959,0.0
2025-07-03 20:31:00+00:00,-0.00027023480112361303,-0.00027023480112361303,0.0
2025-07-03 20:32:00+00:00,0.0002632519877787537,0.0,0.0002632519877787537
2025-07-03 20:33:00+00:00,0.0007412802016121406,0.0,0.0007412802016121406
2025-07-03 20:34:00+00:00,0.0024341527749523056,0.0,0.0024341527749523056
2025-07-03 20:35:00+00:00,0.0035178218768489814,0.0,0.0035178218768489814
2025-07-03 20:36:00+00:00,0.0035166518542618617,0.0,0.0035166518542618617
2025-07-03 20:37:00+00:00,0.004103925135222661,0.0,0.004103925135222661
2025-07-03 20:38:00+00:00,0.003743530491121517,0.0,0.003743530491121517
2025-07-03 20:39:00+00:00,0.0034376928086887228,0.0,0.0034376928086887228
2025-07-03 20:40:00+00:00,0.003812424330459545,0.0,0.003812424330459545
2025-07-03 20:41:00+00:00,0.0033090368364476,0.0,0.0033090368364476
2025-07-03 20:42:00+00:00,0.002912284433460262,0.0,0.002912284433460262
2025-07-03 20:43:00+00:00,0.003228324442704983,0.0,0.003228324442704983
2025-07-03 20:44:00+00:00,0.0033417904774916754,0.0,0.0033417904774916754
2025-07-03 20:45:00+00:00,0.0033083406097087547,0.0,0.0033083406097087547
2025-07-03 20:46:00+00:00,0.0025388431821360465,0.0,0.0025388431821360465
2025-07-03 20:47:00+00:00,0.0026189104695724602,0.0,0.0026189104695724602
2025-07-03 20:48:00+00:00,0.0025831255371719,0.0,0.0025831255371719
2025-07-03 20:49:00+00:00,0.002470715117485615,0.0,0.002470715117485615
2025-07-03 20:50:00+00:00,0.0023105388072733866,0.0,0.0023105388072733866
2025-07-03 20:51:00+00:00,0.0021235542838023303,0.0,0.0021235542838023303
2025-07-03 20:52:00+00:00,0.001924728919556386,0.0,0.001924728919556386
2025-07-03 20:53:00+00:00,0.001105486514275242,0.0,0.001105486514275242
2025-07-03 20:54:00+00:00,0.0011758678184422932,0.0,0.0011758678184422932
2025-07-03 20:55:00+00:00,0.001178447144911429,0.0,0.001178447144911429
2025-07-03 20:56:00+00:00,0.001135708373327826,0.0,0.001135708373327826
2025-07-03 20:57:00+00:00,0.0010514534909974228,0.0,0.0010514534909974228
2025-07-03 20:58:00+00:00,0.0009687244852382194,0.0,0.0009687244852382194
2025-07-03 20:59:00+00:00,0.0002509041033092389,0.0,0.0002509041033092389
